{"data":{"portfolios":[{"id":"UG9ydGZvbGlvOjB4MThkMDU4YTdFMDQ4NkU2MzJmN0RmQzQ3M0JDNzZENzJDRDIwMWNBZA==","tokensTotalDenominatedValue":{"value":430.92621335099375,"__typename":"Amount"},"tokensTotalDenominatedValueChange":{"absolute":{"value":-9.597723135593014,"__typename":"Amount"},"percentage":{"value":-2.178706385886763,"__typename":"Amount"},"__typename":"AmountChange"},"tokenBalances":[{"id":"VG9rZW5CYWxhbmNlOjB4MThkMDU4YTdFMDQ4NkU2MzJmN0RmQzQ3M0JDNzZENzJDRDIwMWNBZF9WRzlyWlc0NlJWUklSVkpGVlUxZk1IaGtRVU14TjBZNU5UaEVNbVZsTlRJellUSXlNRFl5TURZNU9UUTFPVGRETVRORU9ETXhaV00zX1VTRA==","quantity":245,"isHidden":false,"denominatedValue":{"id":"QW1vdW50OjI0NS4xMDM4ODMzMzJfVVNE","currency":"USD","value":245.103883332,"__typename":"Amount"},"token":{"id":"VG9rZW46RVRIRVJFVU1fMHhkQUMxN0Y5NThEMmVlNTIzYTIyMDYyMDY5OTQ1OTdDMTNEODMxZWM3","address":"0xdAC17F958D2ee523a2206206994597C13D831ec7","chain":"ETHEREUM","decimals":6,"name":"Tether USD","standard":"ERC20","symbol":"USDT","project":{"id":"VG9rZW5Qcm9qZWN0OkVUSEVSRVVNXzB4ZGFjMTdmOTU4ZDJlZTUyM2EyMjA2MjA2OTk0NTk3YzEzZDgzMWVjN19UZXRoZXI=","isSpam":false,"logoUrl":"https://raw.githubusercontent.com/trustwallet/assets/master/blockchains/ethereum/assets/0xdAC17F958D2ee523a2206206994597C13D831ec7/logo.png","name":"Tether","safetyLevel":"VERIFIED","__typename":"TokenProject"},"feeData":null,"__typename":"Token"},"tokenProjectMarket":{"relativeChange24":{"value":-0.04401680473447023,"__typename":"Amount"},"__typename":"TokenProjectMarket"},"__typename":"TokenBalance"},{"id":"VG9rZW5CYWxhbmNlOjB4MThkMDU4YTdFMDQ4NkU2MzJmN0RmQzQ3M0JDNzZENzJDRDIwMWNBZF9WRzlyWlc0NlFWSkNTVlJTVlUxZmJuVnNiQT09X1VTRA==","quantity":0.0244816053717038,"isHidden":false,"denominatedValue":{"id":"QW1vdW50OjU2LjE3OTE2MzkyNjcxNzI5X1VTRA==","currency":"USD","value":56.17916392671729,"__typename":"Amount"},"token":{"id":"VG9rZW46QVJCSVRSVU1fbnVsbA==","address":null,"chain":"ARBITRUM","decimals":18,"name":"Ethereum","standard":"NATIVE","symbol":"ETH","project":{"id":"VG9rZW5Qcm9qZWN0OkVUSEVSRVVNX251bGxfRXRoZXJldW0=","isSpam":false,"logoUrl":"https://token-icons.s3.amazonaws.com/eth.png","name":"Ethereum","safetyLevel":"VERIFIED","__typename":"TokenProject"},"feeData":null,"__typename":"Token"},"tokenProjectMarket":{"relativeChange24":{"value":-5.047316001373758,"__typename":"Amount"},"__typename":"TokenProjectMarket"},"__typename":"TokenBalance"},{"id":"VG9rZW5CYWxhbmNlOjB4MThkMDU4YTdFMDQ4NkU2MzJmN0RmQzQ3M0JDNzZENzJDRDIwMWNBZF9WRzlyWlc0NlJWUklSVkpGVlUxZmJuVnNiQT09X1VTRA==","quantity":0.0162809341458855,"isHidden":false,"denominatedValue":{"id":"QW1vdW50OjM3LjM2MDY3MzYzMTI3MDgxNF9VU0Q=","currency":"USD","value":37.360673631270814,"__typename":"Amount"},"token":{"id":"VG9rZW46RVRIRVJFVU1fbnVsbA==","address":null,"chain":"ETHEREUM","decimals":18,"name":"Ethereum","standard":"NATIVE","symbol":"ETH","project":{"id":"VG9rZW5Qcm9qZWN0OkVUSEVSRVVNX251bGxfRXRoZXJldW0=","isSpam":false,"logoUrl":"https://token-icons.s3.amazonaws.com/eth.png","name":"Ethereum","safetyLevel":"VERIFIED","__typename":"TokenProject"},"feeData":null,"__typename":"Token"},"tokenProjectMarket":{"relativeChange24":{"value":-5.047316001373758,"__typename":"Amount"},"__typename":"TokenProjectMarket"},"__typename":"TokenBalance"},{"id":"VG9rZW5CYWxhbmNlOjB4MThkMDU4YTdFMDQ4NkU2MzJmN0RmQzQ3M0JDNzZENzJDRDIwMWNBZF9WRzlyWlc0NlJWUklSVkpGVlUxZk1IZzNSbU0yTmpVd01HTTRORUUzTmtGa04yVTVZemt6TkRNM1lrWmpOVUZqTXpORk1rUkVZVVU1X1VTRA==","quantity":0.205128608325686,"isHidden":false,"denominatedValue":{"id":"QW1vdW50OjI4LjcwMTUyNTAzOTEzMTE3M19VU0Q=","currency":"USD","value":28.701525039131173,"__typename":"Amount"},"token":{"id":"VG9rZW46RVRIRVJFVU1fMHg3RmM2NjUwMGM4NEE3NkFkN2U5YzkzNDM3YkZjNUFjMzNFMkREYUU5","address":"0x7Fc66500c84A76Ad7e9c93437bFc5Ac33E2DDaE9","chain":"ETHEREUM","decimals":18,"name":"Aave Token","standard":"ERC20","symbol":"AAVE","project":{"id":"VG9rZW5Qcm9qZWN0OkVUSEVSRVVNXzB4N2ZjNjY1MDBjODRhNzZhZDdlOWM5MzQzN2JmYzVhYzMzZTJkZGFlOV9BYXZl","isSpam":false,"logoUrl":"https://coin-images.coingecko.com/coins/images/12645/large/aave-token-round.png?1720472354","name":"Aave","safetyLevel":"VERIFIED","__typename":"TokenProject"},"feeData":null,"__typename":"Token"},"tokenProjectMarket":{"relativeChange24":{"value":-4.7114374975774975,"__typename":"Amount"},"__typename":"TokenProjectMarket"},"__typename":"TokenBalance"},{"id":"VG9rZW5CYWxhbmNlOjB4MThkMDU4YTdFMDQ4NkU2MzJmN0RmQzQ3M0JDNzZENzJDRDIwMWNBZF9WRzlyWlc0NlFrRlRSVjl1ZFd4c19VU0Q=","quantity":0.0093590045766906,"isHidden":false,"denominatedValue":{"id":"QW1vdW50OjIxLjQ3NjU3NTc1MjM2MDg1NV9VU0Q=","currency":"USD","value":21.476575752360855,"__typename":"Amount"},"token":{"id":"VG9rZW46QkFTRV9udWxs","address":null,"chain":"BASE","decimals":18,"name":"Ethereum","standard":"NATIVE","symbol":"ETH","project":{"id":"VG9rZW5Qcm9qZWN0OkVUSEVSRVVNX251bGxfRXRoZXJldW0=","isSpam":false,"logoUrl":"https://token-icons.s3.amazonaws.com/eth.png","name":"Ethereum","safetyLevel":"VERIFIED","__typename":"TokenProject"},"feeData":null,"__typename":"Token"},"tokenProjectMarket":{"relativeChange24":{"value":-5.047316001373758,"__typename":"Amount"},"__typename":"TokenProjectMarket"},"__typename":"TokenBalance"},{"id":"VG9rZW5CYWxhbmNlOjB4MThkMDU4YTdFMDQ4NkU2MzJmN0RmQzQ3M0JDNzZENzJDRDIwMWNBZF9WRzlyWlc0NlJWUklSVkpGVlUxZk1IaG1RV0pCTm1ZNFpUUmhOVVU0UVdJNE1rWTJNbVpsTjBNek9UZzFPVVpCTlRjM01qWTVRa1V6X1VTRA==","quantity":20.203648150034926,"isHidden":false,"denominatedValue":{"id":"QW1vdW50OjEyLjA3ODQ3MTcwNjgxODMyOV9VU0Q=","currency":"USD","value":12.078471706818329,"__typename":"Amount"},"token":{"id":"VG9rZW46RVRIRVJFVU1fMHhmQWJBNmY4ZTRhNUU4QWI4MkY2MmZlN0MzOTg1OUZBNTc3MjY5QkUz","address":"0xfAbA6f8e4a5E8Ab82F62fe7C39859FA577269BE3","chain":"ETHEREUM","decimals":18,"name":"Ondo","standard":"ERC20","symbol":"ONDO","project":{"id":"VG9rZW5Qcm9qZWN0OkVUSEVSRVVNXzB4ZmFiYTZmOGU0YTVlOGFiODJmNjJmZTdjMzk4NTlmYTU3NzI2OWJlM19PbmRv","isSpam":false,"logoUrl":"https://coin-images.coingecko.com/coins/images/26580/large/ONDO.png?1696525656","name":"Ondo","safetyLevel":"VERIFIED","__typename":"TokenProject"},"feeData":null,"__typename":"Token"},"tokenProjectMarket":{"relativeChange24":{"value":-7.100044011775674,"__typename":"Amount"},"__typename":"TokenProjectMarket"},"__typename":"TokenBalance"},{"id":"VG9rZW5CYWxhbmNlOjB4MThkMDU4YTdFMDQ4NkU2MzJmN0RmQzQ3M0JDNzZENzJDRDIwMWNBZF9WRzlyWlc0NlQxQlVTVTFKVTAxZmJuVnNiQT09X1VTRA==","quantity":0.0040236463933129,"isHidden":false,"denominatedValue":{"id":"QW1vdW50OjkuMjMzMjYyNTYxMDU0Nzc2X1VTRA==","currency":"USD","value":9.233262561054776,"__typename":"Amount"},"token":{"id":"VG9rZW46T1BUSU1JU01fbnVsbA==","address":null,"chain":"OPTIMISM","decimals":18,"name":"Ethereum","standard":"NATIVE","symbol":"ETH","project":{"id":"VG9rZW5Qcm9qZWN0OkVUSEVSRVVNX251bGxfRXRoZXJldW0=","isSpam":false,"logoUrl":"https://token-icons.s3.amazonaws.com/eth.png","name":"Ethereum","safetyLevel":"VERIFIED","__typename":"TokenProject"},"feeData":null,"__typename":"Token"},"tokenProjectMarket":{"relativeChange24":{"value":-5.047316001373758,"__typename":"Amount"},"__typename":"TokenProjectMarket"},"__typename":"TokenBalance"},{"id":"VG9rZW5CYWxhbmNlOjB4MThkMDU4YTdFMDQ4NkU2MzJmN0RmQzQ3M0JDNzZENzJDRDIwMWNBZF9WRzlyWlc0NlFrRlRSVjh3ZURnek16VTRPV1pEUkRabFJHSTJSVEE0WmpSak4wTXpNa1EwWmpjeFlqVTBZbVJCTURJNU1UTT1fVVNE","quantity":6.89,"isHidden":false,"denominatedValue":{"id":"QW1vdW50OjYuODkxMTQ5MTY1ODc0OTk5NV9VU0Q=","currency":"USD","value":6.8911491658749995,"__typename":"Amount"},"token":{"id":"VG9rZW46QkFTRV8weDgzMzU4OWZDRDZlRGI2RTA4ZjRjN0MzMkQ0ZjcxYjU0YmRBMDI5MTM=","address":"0x833589fCD6eDb6E08f4c7C32D4f71b54bdA02913","chain":"BASE","decimals":6,"name":"USD Coin","standard":"ERC20","symbol":"USDC","project":{"id":"VG9rZW5Qcm9qZWN0OkVUSEVSRVVNXzB4YTBiODY5OTFjNjIxOGIzNmMxZDE5ZDRhMmU5ZWIwY2UzNjA2ZWI0OF9VU0RD","isSpam":false,"logoUrl":"https://coin-images.coingecko.com/coins/images/6319/large/usdc.png?1696506694","name":"USDC","safetyLevel":"VERIFIED","__typename":"TokenProject"},"feeData":null,"__typename":"Token"},"tokenProjectMarket":{"relativeChange24":{"value":-0.2022539226862352,"__typename":"Amount"},"__typename":"TokenProjectMarket"},"__typename":"TokenBalance"},{"id":"VG9rZW5CYWxhbmNlOjB4MThkMDU4YTdFMDQ4NkU2MzJmN0RmQzQ3M0JDNzZENzJDRDIwMWNBZF9WRzlyWlc0NldrdFRXVTVEWDI1MWJHdz1fVVNE","quantity":0.0019235702387183,"isHidden":false,"denominatedValue":{"id":"QW1vdW50OjQuNDE0MTEyODA1Mjk4ODk3X1VTRA==","currency":"USD","value":4.414112805298897,"__typename":"Amount"},"token":{"id":"VG9rZW46WktTWU5DX251bGw=","address":null,"chain":"ZKSYNC","decimals":18,"name":"Ethereum","standard":"NATIVE","symbol":"ETH","project":{"id":"VG9rZW5Qcm9qZWN0OkVUSEVSRVVNX251bGxfRXRoZXJldW0=","isSpam":false,"logoUrl":"https://token-icons.s3.amazonaws.com/eth.png","name":"Ethereum","safetyLevel":"VERIFIED","__typename":"TokenProject"},"feeData":null,"__typename":"Token"},"tokenProjectMarket":{"relativeChange24":{"value":-5.047316001373758,"__typename":"Amount"},"__typename":"TokenProjectMarket"},"__typename":"TokenBalance"},{"id":"VG9rZW5CYWxhbmNlOjB4MThkMDU4YTdFMDQ4NkU2MzJmN0RmQzQ3M0JDNzZENzJDRDIwMWNBZF9WRzlyWlc0NlJWUklSVkpGVlUxZk1IaERNREpoWVVFek9XSXlNak5HUlRoRU1FRXdaVFZETkVZeU4yVkJSRGt3T0RORE56VTJRMk15X1VTRA==","quantity":0.0013919847493407,"isHidden":false,"denominatedValue":{"id":"QW1vdW50OjMuMTk0OTQwNTc0NTQ4NDM4X1VTRA==","currency":"USD","value":3.194940574548438,"__typename":"Amount"},"token":{"id":"VG9rZW46RVRIRVJFVU1fMHhDMDJhYUEzOWIyMjNGRThEMEEwZTVDNEYyN2VBRDkwODNDNzU2Q2My","address":"0xC02aaA39b223FE8D0A0e5C4F27eAD9083C756Cc2","chain":"ETHEREUM","decimals":18,"name":"Wrapped Ether","standard":"ERC20","symbol":"WETH","project":{"id":"VG9rZW5Qcm9qZWN0OkVUSEVSRVVNXzB4YzAyYWFhMzliMjIzZmU4ZDBhMGU1YzRmMjdlYWQ5MDgzYzc1NmNjMl9XRVRI","isSpam":false,"logoUrl":"https://raw.githubusercontent.com/trustwallet/assets/master/blockchains/ethereum/assets/0xC02aaA39b223FE8D0A0e5C4F27eAD9083C756Cc2/logo.png","name":"WETH","safetyLevel":"VERIFIED","__typename":"TokenProject"},"feeData":null,"__typename":"Token"},"tokenProjectMarket":{"relativeChange24":{"value":-4.999337634156897,"__typename":"Amount"},"__typename":"TokenProjectMarket"},"__typename":"TokenBalance"},{"id":"VG9rZW5CYWxhbmNlOjB4MThkMDU4YTdFMDQ4NkU2MzJmN0RmQzQ3M0JDNzZENzJDRDIwMWNBZF9WRzlyWlc0NlEwVk1UMTh3ZURZMk9EQXpSa0k0TjJGQ1pEUmhZVU16WTJKQ00yWkJaRGRETTJGaE1ERm1Oa1l6UmtJeU1EYz1fVVNE","quantity":0.00099965,"isHidden":false,"denominatedValue":{"id":"QW1vdW50OjIuMjkxNzg3NzA1OTE4MTM5M19VU0Q=","currency":"USD","value":2.2917877059181393,"__typename":"Amount"},"token":{"id":"VG9rZW46Q0VMT18weDY2ODAzRkI4N2FCZDRhYUMzY2JCM2ZBZDdDM2FhMDFmNkYzRkIyMDc=","address":"0x66803FB87aBd4aaC3cbB3fAd7C3aa01f6F3FB207","chain":"CELO","decimals":18,"name":"Wrapped Ether (Wormhole)","standard":"ERC20","symbol":"WETH","project":{"id":"VG9rZW5Qcm9qZWN0OkNFTE9fMHg2NjgwM2ZiODdhYmQ0YWFjM2NiYjNmYWQ3YzNhYTAxZjZmM2ZiMjA3X1dvcm1ob2xlIEJyaWRnZWQgV0VUSCAoQ2Vsbyk=","isSpam":false,"logoUrl":"https://coin-images.coingecko.com/coins/images/39887/large/weth.png?1724683172","name":"Wormhole Bridged WETH (Celo)","safetyLevel":"STRONG_WARNING","__typename":"TokenProject"},"feeData":null,"__typename":"Token"},"tokenProjectMarket":{"relativeChange24":{"value":-4.899950055804714,"__typename":"Amount"},"__typename":"TokenProjectMarket"},"__typename":"TokenBalance"},{"id":"VG9rZW5CYWxhbmNlOjB4MThkMDU4YTdFMDQ4NkU2MzJmN0RmQzQ3M0JDNzZENzJDRDIwMWNBZF9WRzlyWlc0NlFWSkNTVlJTVlUxZk1IaGhaamc0WkRBMk5XVTNOMk00WTBNeU1qTTVNekkzUXpWRlJHSXpRVFF6TWpJMk9HVTFPRE14X1VTRA==","quantity":2,"isHidden":false,"denominatedValue":{"id":"QW1vdW50OjIuMDAwMzMzNTc1X1VTRA==","currency":"USD","value":2.000333575,"__typename":"Amount"},"token":{"id":"VG9rZW46QVJCSVRSVU1fMHhhZjg4ZDA2NWU3N2M4Y0MyMjM5MzI3QzVFRGIzQTQzMjI2OGU1ODMx","address":"0xaf88d065e77c8cC2239327C5EDb3A432268e5831","chain":"ARBITRUM","decimals":6,"name":"USD Coin","standard":"ERC20","symbol":"USDC","project":{"id":"VG9rZW5Qcm9qZWN0OkVUSEVSRVVNXzB4YTBiODY5OTFjNjIxOGIzNmMxZDE5ZDRhMmU5ZWIwY2UzNjA2ZWI0OF9VU0QgQ29pbg==","isSpam":false,"logoUrl":"https://coin-images.coingecko.com/coins/images/6319/large/usdc.png?1696506694","name":"USD Coin","safetyLevel":"VERIFIED","__typename":"TokenProject"},"feeData":null,"__typename":"Token"},"tokenProjectMarket":{"relativeChange24":{"value":-0.2022539226862352,"__typename":"Amount"},"__typename":"TokenProjectMarket"},"__typename":"TokenBalance"},{"id":"VG9rZW5CYWxhbmNlOjB4MThkMDU4YTdFMDQ4NkU2MzJmN0RmQzQ3M0JDNzZENzJDRDIwMWNBZF9WRzlyWlc0NlJWUklSVkpGVlUxZk1IaEJNR0k0TmprNU1XTTJNakU0WWpNMll6RmtNVGxFTkdFeVpUbEZZakJqUlRNMk1EWmxRalE0X1VTRA==","quantity":1,"isHidden":false,"denominatedValue":{"id":"QW1vdW50OjEuMDAwMTY2Nzg3NV9VU0Q=","currency":"USD","value":1.0001667875,"__typename":"Amount"},"token":{"id":"VG9rZW46RVRIRVJFVU1fMHhBMGI4Njk5MWM2MjE4YjM2YzFkMTlENGEyZTlFYjBjRTM2MDZlQjQ4","address":"0xA0b86991c6218b36c1d19D4a2e9Eb0cE3606eB48","chain":"ETHEREUM","decimals":6,"name":"USD Coin","standard":"ERC20","symbol":"USDC","project":{"id":"VG9rZW5Qcm9qZWN0OkVUSEVSRVVNXzB4YTBiODY5OTFjNjIxOGIzNmMxZDE5ZDRhMmU5ZWIwY2UzNjA2ZWI0OF9VU0RD","isSpam":false,"logoUrl":"https://coin-images.coingecko.com/coins/images/6319/large/usdc.png?1696506694","name":"USDC","safetyLevel":"VERIFIED","__typename":"TokenProject"},"feeData":null,"__typename":"Token"},"tokenProjectMarket":{"relativeChange24":{"value":-0.2022539226862352,"__typename":"Amount"},"__typename":"TokenProjectMarket"},"__typename":"TokenBalance"},{"id":"VG9rZW5CYWxhbmNlOjB4MThkMDU4YTdFMDQ4NkU2MzJmN0RmQzQ3M0JDNzZENzJDRDIwMWNBZF9WRzlyWlc0NlVFOU1XVWRQVGw4d2VETmpORGs1WXpVME1tTkZSalZGTXpneE1XVXhNVGt5WTJVM01HUTRZME13TTJRMVl6TXpOVGs9X1VTRA==","quantity":1,"isHidden":false,"denominatedValue":{"id":"QW1vdW50OjEuMDAwMTY2Nzg3NV9VU0Q=","currency":"USD","value":1.0001667875,"__typename":"Amount"},"token":{"id":"VG9rZW46UE9MWUdPTl8weDNjNDk5YzU0MmNFRjVFMzgxMWUxMTkyY2U3MGQ4Y0MwM2Q1YzMzNTk=","address":"0x3c499c542cEF5E3811e1192ce70d8cC03d5c3359","chain":"POLYGON","decimals":6,"name":"USD Coin","standard":"ERC20","symbol":"USDC","project":{"id":"VG9rZW5Qcm9qZWN0OkVUSEVSRVVNXzB4YTBiODY5OTFjNjIxOGIzNmMxZDE5ZDRhMmU5ZWIwY2UzNjA2ZWI0OF9VU0RD","isSpam":false,"logoUrl":"https://coin-images.coingecko.com/coins/images/6319/large/usdc.png?1696506694","name":"USDC","safetyLevel":"VERIFIED","__typename":"TokenProject"},"feeData":null,"__typename":"Token"},"tokenProjectMarket":{"relativeChange24":{"value":-0.2022539226862352,"__typename":"Amount"},"__typename":"TokenProjectMarket"},"__typename":"TokenBalance"},{"id":"VG9rZW5CYWxhbmNlOjB4MThkMDU4YTdFMDQ4NkU2MzJmN0RmQzQ3M0JDNzZENzJDRDIwMWNBZF9WRzlyWlc0NlVFOU1XVWRQVGw4d2VESTNPVEZDWTJFeFpqSmtaVFEyTmpGRlJEZzRRVE13UXprNVFUZGhPVFEwT1VGaE9EUXhOelE9X1VTRA==","quantity":1,"isHidden":true,"denominatedValue":{"id":"QW1vdW50OjAuOTk5Mjc4MTE3Nl9VU0Q=","currency":"USD","value":0.9992781176,"__typename":"Amount"},"token":{"id":"VG9rZW46UE9MWUdPTl8weDI3OTFCY2ExZjJkZTQ2NjFFRDg4QTMwQzk5QTdhOTQ0OUFhODQxNzQ=","address":"0x2791Bca1f2de4661ED88A30C99A7a9449Aa84174","chain":"POLYGON","decimals":6,"name":"Bridged USDC","standard":"ERC20","symbol":"USDC.e","project":{"id":"VG9rZW5Qcm9qZWN0OkVUSEVSRVVNXzB4YTBiODY5OTFjNjIxOGIzNmMxZDE5ZDRhMmU5ZWIwY2UzNjA2ZWI0OF9CcmlkZ2VkIFVTREM=","isSpam":false,"logoUrl":"https://coin-images.coingecko.com/coins/images/33000/large/usdc.png?1700119918","name":"Bridged USDC","safetyLevel":"VERIFIED","__typename":"TokenProject"},"feeData":null,"__typename":"Token"},"tokenProjectMarket":{"relativeChange24":{"value":-0.13439344777285145,"__typename":"Amount"},"__typename":"TokenProjectMarket"},"__typename":"TokenBalance"},{"id":"VG9rZW5CYWxhbmNlOjB4MThkMDU4YTdFMDQ4NkU2MzJmN0RmQzQ3M0JDNzZENzJDRDIwMWNBZF9WRzlyWlc0NlVFOU1XVWRQVGw4d2VEQXdNREF3TURBd01EQXdNREF3TURBd01EQXdNREF3TURBd01EQXdNREF3TURBd01ERXdNVEE9X1VTRA==","quantity":1.1168383089447937,"isHidden":true,"denominatedValue":{"id":"QW1vdW50OjAuNDIzNTkwMjc5MTc4MDcyMDdfVVNE","currency":"USD","value":0.42359027917807207,"__typename":"Amount"},"token":{"id":"VG9rZW46UE9MWUdPTl8weDAwMDAwMDAwMDAwMDAwMDAwMDAwMDAwMDAwMDAwMDAwMDAwMDEwMTA=","address":"0x0000000000000000000000000000000000001010","chain":"POLYGON","decimals":18,"name":"POL","standard":"NATIVE","symbol":"POL","project":{"id":"VG9rZW5Qcm9qZWN0OkVUSEVSRVVNXzB4N2QxYWZhN2I3MThmYjg5M2RiMzBhM2FiYzBjZmM2MDhhYWNmZWJiMF9QT0wgKGV4LU1BVElDKQ==","isSpam":false,"logoUrl":"https://coin-images.coingecko.com/coins/images/32440/large/polygon.png?1698233684","name":"POL (ex-MATIC)","safetyLevel":"VERIFIED","__typename":"TokenProject"},"feeData":null,"__typename":"Token"},"tokenProjectMarket":{"relativeChange24":{"value":-6.047775315535542,"__typename":"Amount"},"__typename":"TokenProjectMarket"},"__typename":"TokenBalance"},{"id":"VG9rZW5CYWxhbmNlOjB4MThkMDU4YTdFMDQ4NkU2MzJmN0RmQzQ3M0JDNzZENzJDRDIwMWNBZF9WRzlyWlc0NldrdFRXVTVEWHpCNE5VRTNaRFppTWtZNU1rTTNOMFpCUkRaRFEyRkNaRGRGUlRBMk1qUkZOalE1TURkRllXWXpSUT09X1VTRA==","quantity":3,"isHidden":true,"denominatedValue":{"id":"QW1vdW50OjAuMzI5OTkwNzU3Nl9VU0Q=","currency":"USD","value":0.3299907576,"__typename":"Amount"},"token":{"id":"VG9rZW46WktTWU5DXzB4NUE3ZDZiMkY5MkM3N0ZBRDZDQ2FCZDdFRTA2MjRFNjQ5MDdFYWYzRQ==","address":"0x5A7d6b2F92C77FAD6CCaBd7EE0624E64907Eaf3E","chain":"ZKSYNC","decimals":18,"name":"ZKsync","standard":"ERC20","symbol":"ZK","project":{"id":"VG9rZW5Qcm9qZWN0OlpLU1lOQ18weDVhN2Q2YjJmOTJjNzdmYWQ2Y2NhYmQ3ZWUwNjI0ZTY0OTA3ZWFmM2VfWktzeW5j","isSpam":false,"logoUrl":"https://coin-images.coingecko.com/coins/images/38043/large/ZKTokenBlack.png?1718614502","name":"ZKsync","safetyLevel":"STRONG_WARNING","__typename":"TokenProject"},"feeData":null,"__typename":"Token"},"tokenProjectMarket":{"relativeChange24":{"value":-3.6520453756358706,"__typename":"Amount"},"__typename":"TokenProjectMarket"},"__typename":"TokenBalance"},{"id":"VG9rZW5CYWxhbmNlOjB4MThkMDU4YTdFMDQ4NkU2MzJmN0RmQzQ3M0JDNzZENzJDRDIwMWNBZF9WRzlyWlc0NlFrRlRSVjh3ZURjME9VUTFOekF3TmtFeFJrWTBSamRtWmpoRFpEQmhNak00TlRJMVFqQTRSRGcxWlVORk16TT1fVVNE","quantity":7.6942069,"isHidden":true,"denominatedValue":{"id":"QW1vdW50OjAuMDAwNzIzMjE0MTM1NDcyNzI4NF9VU0Q=","currency":"USD","value":0.0007232141354727284,"__typename":"Amount"},"token":{"id":"VG9rZW46QkFTRV8weDc0OUQ1NzAwNkExRkY0RjdmZjhDZDBhMjM4NTI1QjA4RDg1ZUNFMzM=","address":"0x749D57006A1FF4F7ff8Cd0a238525B08D85eCE33","chain":"BASE","decimals":7,"name":"BASED CLOWN","standard":"ERC20","symbol":"BLOWN","project":{"id":"VG9rZW5Qcm9qZWN0OkJBU0VfMHg3NDlkNTcwMDZhMWZmNGY3ZmY4Y2QwYTIzODUyNWIwOGQ4NWVjZTMzX0JBU0VEIENMT1dO","isSpam":true,"logoUrl":null,"name":"BASED CLOWN","safetyLevel":"STRONG_WARNING","__typename":"TokenProject"},"feeData":null,"__typename":"Token"},"tokenProjectMarket":{"relativeChange24":{"value":-5.157796082239052,"__typename":"Amount"},"__typename":"TokenProjectMarket"},"__typename":"TokenBalance"},{"id":"VG9rZW5CYWxhbmNlOjB4MThkMDU4YTdFMDQ4NkU2MzJmN0RmQzQ3M0JDNzZENzJDRDIwMWNBZF9WRzlyWlc0NlFrRlRSVjh3ZUdJMU5tUXdPRE01T1RrNFJtUTNPVVZHUTBReE5XTXlOMk5HT1RZMk1qVXdRVUUxT0VRMlJETT1fVVNE","quantity":0.9999570252934015,"isHidden":true,"denominatedValue":{"id":"QW1vdW50OjAuMDAwNDcyNDExMzUzNjM4MTg0NzZfVVNE","currency":"USD","value":0.00047241135363818476,"__typename":"Amount"},"token":{"id":"VG9rZW46QkFTRV8weGI1NmQwODM5OTk4RmQ3OUVGQ0QxNWMyN2NGOTY2MjUwQUE1OEQ2RDM=","address":"0xb56d0839998Fd79EFCD15c27cF966250AA58D6D3","chain":"BASE","decimals":18,"name":"Based USA","standard":"ERC20","symbol":"USA","project":{"id":"VG9rZW5Qcm9qZWN0OkJBU0VfMHhiNTZkMDgzOTk5OGZkNzllZmNkMTVjMjdjZjk2NjI1MGFhNThkNmQzX0Jhc2VkIFVTQQ==","isSpam":false,"logoUrl":"https://coin-images.coingecko.com/coins/images/37981/large/BASE_USA_200px.png?1716203776","name":"Based USA","safetyLevel":"STRONG_WARNING","__typename":"TokenProject"},"feeData":null,"__typename":"Token"},"tokenProjectMarket":{"relativeChange24":{"value":34.07762617176508,"__typename":"Amount"},"__typename":"TokenProjectMarket"},"__typename":"TokenBalance"},{"id":"VG9rZW5CYWxhbmNlOjB4MThkMDU4YTdFMDQ4NkU2MzJmN0RmQzQ3M0JDNzZENzJDRDIwMWNBZF9WRzlyWlc0NlQxQlVTVTFKVTAxZk1IZzFNRVl5UlRrMk9EQTFPV1ExTVdZelJEWkVSRU14TkRVek1XWTRNekEyTVdZd05qTTFPRGMwX1VTRA==","quantity":1177,"isHidden":true,"denominatedValue":null,"token":{"id":"VG9rZW46T1BUSU1JU01fMHg1MEYyRTk2ODA1OWQ1MWYzRDZEREMxNDUzMWY4MzA2MWYwNjM1ODc0","address":"0x50F2E968059d51f3D6DDC14531f83061f0635874","chain":"OPTIMISM","decimals":18,"name":"​ ​ ​ ​  ​ ​ ​ ​  ​ ​ ​ ​","standard":"ERC20","symbol":"USD0 [www.usual.finance]","project":{"id":"VG9rZW5Qcm9qZWN0Ok9QVElNSVNNXzB4NTBmMmU5NjgwNTlkNTFmM2Q2ZGRjMTQ1MzFmODMwNjFmMDYzNTg3NF/igIsg4oCLIOKAiyDigIsgIOKAiyDigIsg4oCLIOKAiyAg4oCLIOKAiyDigIsg4oCL","isSpam":true,"logoUrl":null,"name":"​ ​ ​ ​  ​ ​ ​ ​  ​ ​ ​ ​","safetyLevel":"STRONG_WARNING","__typename":"TokenProject"},"feeData":null,"__typename":"Token"},"tokenProjectMarket":{"relativeChange24":null,"__typename":"TokenProjectMarket"},"__typename":"TokenBalance"},{"id":"VG9rZW5CYWxhbmNlOjB4MThkMDU4YTdFMDQ4NkU2MzJmN0RmQzQ3M0JDNzZENzJDRDIwMWNBZF9WRzlyWlc0NlFWSkNTVlJTVlUxZk1IaGtOVGhFTlRNMU5UQkVNRFZrWWpBMk16QXpOVFF4TURWRk1URTBSakkwTkRZMU9HVTNORVpsX1VTRA==","quantity":41423,"isHidden":true,"denominatedValue":null,"token":{"id":"VG9rZW46QVJCSVRSVU1fMHhkNThENTM1NTBEMDVkYjA2MzAzNTQxMDVFMTE0RjI0NDY1OGU3NEZl","address":"0xd58D53550D05db0630354105E114F244658e74Fe","chain":"ARBITRUM","decimals":18,"name":"​ ​ FYDE","standard":"ERC20","symbol":"Fyde Points (Claim: www.fyde.cc)","project":{"id":"VG9rZW5Qcm9qZWN0OkFSQklUUlVNXzB4ZDU4ZDUzNTUwZDA1ZGIwNjMwMzU0MTA1ZTExNGYyNDQ2NThlNzRmZV/igIsg4oCLIEZZREU=","isSpam":true,"logoUrl":null,"name":"​ ​ FYDE","safetyLevel":"STRONG_WARNING","__typename":"TokenProject"},"feeData":null,"__typename":"Token"},"tokenProjectMarket":{"relativeChange24":null,"__typename":"TokenProjectMarket"},"__typename":"TokenBalance"},{"id":"VG9rZW5CYWxhbmNlOjB4MThkMDU4YTdFMDQ4NkU2MzJmN0RmQzQ3M0JDNzZENzJDRDIwMWNBZF9WRzlyWlc0NlVFOU1XVWRQVGw4d2VERmtNVEF6UWpRNFFqZzNRamxtUkdWaVJUUTVRVFkyT0dGaE5UUm1SVE5HTUVKa1JqYzJabVU9X1VTRA==","quantity":85000,"isHidden":true,"denominatedValue":null,"token":{"id":"VG9rZW46UE9MWUdPTl8weDFkMTAzQjQ4Qjg3QjlmRGViRTQ5QTY2OGFhNTRmRTNGMEJkRjc2ZmU=","address":"0x1d103B48B87B9fDebE49A668aa54fE3F0BdF76fe","chain":"POLYGON","decimals":0,"name":"­ UNIDEX.top to CLAIM $81,110","standard":"ERC20","symbol":"$81,110 - UNIDEX.top","project":{"id":"VG9rZW5Qcm9qZWN0OlBPTFlHT05fMHgxZDEwM2I0OGI4N2I5ZmRlYmU0OWE2NjhhYTU0ZmUzZjBiZGY3NmZlX8KtIFVOSURFWC50b3AgdG8gQ0xBSU0gJDgxLDExMA==","isSpam":true,"logoUrl":null,"name":"­ UNIDEX.top to CLAIM $81,110","safetyLevel":"STRONG_WARNING","__typename":"TokenProject"},"feeData":null,"__typename":"Token"},"tokenProjectMarket":{"relativeChange24":null,"__typename":"TokenProjectMarket"},"__typename":"TokenBalance"},{"id":"VG9rZW5CYWxhbmNlOjB4MThkMDU4YTdFMDQ4NkU2MzJmN0RmQzQ3M0JDNzZENzJDRDIwMWNBZF9WRzlyWlc0NlVFOU1XVWRQVGw4d2VEUkJZVE0xUTBKRE56aGlZemt5UWtReU5FRTVZVEEyTlRaRFl6YzBZVGxDUXpnNVpXTmlSakU9X1VTRA==","quantity":85000,"isHidden":true,"denominatedValue":null,"token":{"id":"VG9rZW46UE9MWUdPTl8weDRBYTM1Q0JDNzhiYzkyQkQyNEE5YTA2NTZDYzc0YTlCQzg5ZWNiRjE=","address":"0x4Aa35CBC78bc92BD24A9a0656Cc74a9BC89ecbF1","chain":"POLYGON","decimals":0,"name":"­ UNIDEX.top to CLAIM $81,110","standard":"ERC20","symbol":"$81,110 - UNIDEX.top","project":{"id":"VG9rZW5Qcm9qZWN0OlBPTFlHT05fMHg0YWEzNWNiYzc4YmM5MmJkMjRhOWEwNjU2Y2M3NGE5YmM4OWVjYmYxX8KtIFVOSURFWC50b3AgdG8gQ0xBSU0gJDgxLDExMA==","isSpam":true,"logoUrl":null,"name":"­ UNIDEX.top to CLAIM $81,110","safetyLevel":"STRONG_WARNING","__typename":"TokenProject"},"feeData":null,"__typename":"Token"},"tokenProjectMarket":{"relativeChange24":null,"__typename":"TokenProjectMarket"},"__typename":"TokenBalance"},{"id":"VG9rZW5CYWxhbmNlOjB4MThkMDU4YTdFMDQ4NkU2MzJmN0RmQzQ3M0JDNzZENzJDRDIwMWNBZF9WRzlyWlc0NlVFOU1XVWRQVGw4d2VFVTBPR0kxTUVNNVJESkRPRGhpUkRjd01tSTJRMlEwWTBFM01FUkNNVEE1WVRFNE1XTmlPVFk9X1VTRA==","quantity":85000,"isHidden":true,"denominatedValue":null,"token":{"id":"VG9rZW46UE9MWUdPTl8weEU0OGI1MEM5RDJDODhiRDcwMmI2Q2Q0Y0E3MERCMTA5YTE4MWNiOTY=","address":"0xE48b50C9D2C88bD702b6Cd4cA70DB109a181cb96","chain":"POLYGON","decimals":0,"name":"­ UNIDEX.top to CLAIM $81,110","standard":"ERC20","symbol":"$81,110 - UNIDEX.top","project":{"id":"VG9rZW5Qcm9qZWN0OlBPTFlHT05fMHhlNDhiNTBjOWQyYzg4YmQ3MDJiNmNkNGNhNzBkYjEwOWExODFjYjk2X8KtIFVOSURFWC50b3AgdG8gQ0xBSU0gJDgxLDExMA==","isSpam":true,"logoUrl":null,"name":"­ UNIDEX.top to CLAIM $81,110","safetyLevel":"STRONG_WARNING","__typename":"TokenProject"},"feeData":null,"__typename":"Token"},"tokenProjectMarket":{"relativeChange24":null,"__typename":"TokenProjectMarket"},"__typename":"TokenBalance"},{"id":"VG9rZW5CYWxhbmNlOjB4MThkMDU4YTdFMDQ4NkU2MzJmN0RmQzQ3M0JDNzZENzJDRDIwMWNBZF9WRzlyWlc0NlFrRlRSVjh3ZURCQ01qSXhaRU0zTm1Gak0wWmhOakV3WlRFMVpXRTRNMkl6TmtSaE0yVTJZVGN4TlRSaVJUZz1fVVNE","quantity":1429,"isHidden":true,"denominatedValue":null,"token":{"id":"VG9rZW46QkFTRV8weDBCMjIxZEM3NmFjM0ZhNjEwZTE1ZWE4M2IzNkRhM2U2YTcxNTRiRTg=","address":"0x0B221dC76ac3Fa610e15ea83b36Da3e6a7154bE8","chain":"BASE","decimals":18,"name":"!","standard":"ERC20","symbol":"USD0 [www.usual.finance]","project":{"id":"VG9rZW5Qcm9qZWN0OkJBU0VfMHgwYjIyMWRjNzZhYzNmYTYxMGUxNWVhODNiMzZkYTNlNmE3MTU0YmU4XyE=","isSpam":true,"logoUrl":null,"name":"!","safetyLevel":"STRONG_WARNING","__typename":"TokenProject"},"feeData":null,"__typename":"Token"},"tokenProjectMarket":{"relativeChange24":null,"__typename":"TokenProjectMarket"},"__typename":"TokenBalance"},{"id":"VG9rZW5CYWxhbmNlOjB4MThkMDU4YTdFMDQ4NkU2MzJmN0RmQzQ3M0JDNzZENzJDRDIwMWNBZF9WRzlyWlc0NlJWUklSVkpGVlUxZk1IZ3pZalJCTnpjMlJrTkNNRFEzT0RVMVFqUTVZMFk0UVRsbU1EbEJOek14TmpGRU1EQmlSRFEzX1VTRA==","quantity":1782,"isHidden":true,"denominatedValue":null,"token":{"id":"VG9rZW46RVRIRVJFVU1fMHgzYjRBNzc2RkNCMDQ3ODU1QjQ5Y0Y4QTlmMDlBNzMxNjFEMDBiRDQ3","address":"0x3b4A776FCB047855B49cF8A9f09A73161D00bD47","chain":"ETHEREUM","decimals":18,"name":"!","standard":"ERC20","symbol":"USD0 [www.usual.finance]","project":{"id":"VG9rZW5Qcm9qZWN0OkVUSEVSRVVNXzB4M2I0YTc3NmZjYjA0Nzg1NWI0OWNmOGE5ZjA5YTczMTYxZDAwYmQ0N18h","isSpam":true,"logoUrl":null,"name":"!","safetyLevel":"STRONG_WARNING","__typename":"TokenProject"},"feeData":null,"__typename":"Token"},"tokenProjectMarket":{"relativeChange24":null,"__typename":"TokenProjectMarket"},"__typename":"TokenBalance"},{"id":"VG9rZW5CYWxhbmNlOjB4MThkMDU4YTdFMDQ4NkU2MzJmN0RmQzQ3M0JDNzZENzJDRDIwMWNBZF9WRzlyWlc0NlVFOU1XVWRQVGw4d2VEQkNNakl4WkVNM05tRmpNMFpoTmpFd1pURTFaV0U0TTJJek5rUmhNMlUyWVRjeE5UUmlSVGc9X1VTRA==","quantity":1524,"isHidden":true,"denominatedValue":null,"token":{"id":"VG9rZW46UE9MWUdPTl8weDBCMjIxZEM3NmFjM0ZhNjEwZTE1ZWE4M2IzNkRhM2U2YTcxNTRiRTg=","address":"0x0B221dC76ac3Fa610e15ea83b36Da3e6a7154bE8","chain":"POLYGON","decimals":18,"name":"!","standard":"ERC20","symbol":"USD0 [www.usual.finance]","project":{"id":"VG9rZW5Qcm9qZWN0OlBPTFlHT05fMHgwYjIyMWRjNzZhYzNmYTYxMGUxNWVhODNiMzZkYTNlNmE3MTU0YmU4XyE=","isSpam":true,"logoUrl":null,"name":"!","safetyLevel":"STRONG_WARNING","__typename":"TokenProject"},"feeData":null,"__typename":"Token"},"tokenProjectMarket":{"relativeChange24":null,"__typename":"TokenProjectMarket"},"__typename":"TokenBalance"},{"id":"VG9rZW5CYWxhbmNlOjB4MThkMDU4YTdFMDQ4NkU2MzJmN0RmQzQ3M0JDNzZENzJDRDIwMWNBZF9WRzlyWlc0NlVFOU1XVWRQVGw4d2VETXpSbUpETkdJME1qRTFSa001TlRnNU5rUTVRakpFTURSQk5qWmtZakpqUlVGaFF6RTVNVEE9X1VTRA==","quantity":949,"isHidden":true,"denominatedValue":null,"token":{"id":"VG9rZW46UE9MWUdPTl8weDMzRmJDNGI0MjE1RkM5NTg5NkQ5QjJEMDRBNjZkYjJjRUFhQzE5MTA=","address":"0x33FbC4b4215FC95896D9B2D04A66db2cEAaC1910","chain":"POLYGON","decimals":18,"name":"!","standard":"ERC20","symbol":"USD0 [www.usual.finance]","project":{"id":"VG9rZW5Qcm9qZWN0OlBPTFlHT05fMHgzM2ZiYzRiNDIxNWZjOTU4OTZkOWIyZDA0YTY2ZGIyY2VhYWMxOTEwXyE=","isSpam":true,"logoUrl":null,"name":"!","safetyLevel":"STRONG_WARNING","__typename":"TokenProject"},"feeData":null,"__typename":"Token"},"tokenProjectMarket":{"relativeChange24":null,"__typename":"TokenProjectMarket"},"__typename":"TokenBalance"},{"id":"VG9rZW5CYWxhbmNlOjB4MThkMDU4YTdFMDQ4NkU2MzJmN0RmQzQ3M0JDNzZENzJDRDIwMWNBZF9WRzlyWlc0NlVFOU1XVWRQVGw4d2VFTXpNemN3UWtVMk5qTmlObVV4T0RZNFpVSmlSRFJpUkRsaU1EWTJPVU5qT0RjNVFUUmpZa0k9X1VTRA==","quantity":747,"isHidden":true,"denominatedValue":null,"token":{"id":"VG9rZW46UE9MWUdPTl8weEMzMzcwQkU2NjNiNmUxODY4ZUJiRDRiRDliMDY2OUNjODc5QTRjYkI=","address":"0xC3370BE663b6e1868eBbD4bD9b0669Cc879A4cbB","chain":"POLYGON","decimals":18,"name":"!","standard":"ERC20","symbol":"USD0 [www.usual.finance]","project":{"id":"VG9rZW5Qcm9qZWN0OlBPTFlHT05fMHhjMzM3MGJlNjYzYjZlMTg2OGViYmQ0YmQ5YjA2NjljYzg3OWE0Y2JiXyE=","isSpam":true,"logoUrl":null,"name":"!","safetyLevel":"STRONG_WARNING","__typename":"TokenProject"},"feeData":null,"__typename":"Token"},"tokenProjectMarket":{"relativeChange24":null,"__typename":"TokenProjectMarket"},"__typename":"TokenBalance"},{"id":"VG9rZW5CYWxhbmNlOjB4MThkMDU4YTdFMDQ4NkU2MzJmN0RmQzQ3M0JDNzZENzJDRDIwMWNBZF9WRzlyWlc0NlFrRlRSVjh3ZUdFeFpHUTNPVGhCT1VZME0yRkVPRFl5TWpOR1lUY3pNbUUxUWpOa04wRXhaalUyTVRrNE9VTT1fVVNE","quantity":52963,"isHidden":true,"denominatedValue":null,"token":{"id":"VG9rZW46QkFTRV8weGExZGQ3OThBOUY0M2FEODYyMjNGYTczMmE1QjNkN0ExZjU2MTk4OUM=","address":"0xa1dd798A9F43aD86223Fa732a5B3d7A1f561989C","chain":"BASE","decimals":18,"name":"!      FYDE","standard":"ERC20","symbol":"Fyde Points - www.fyde.cc","project":{"id":"VG9rZW5Qcm9qZWN0OkJBU0VfMHhhMWRkNzk4YTlmNDNhZDg2MjIzZmE3MzJhNWIzZDdhMWY1NjE5ODljXyEgICAgICBGWURF","isSpam":true,"logoUrl":null,"name":"!      FYDE","safetyLevel":"STRONG_WARNING","__typename":"TokenProject"},"feeData":null,"__typename":"Token"},"tokenProjectMarket":{"relativeChange24":null,"__typename":"TokenProjectMarket"},"__typename":"TokenBalance"},{"id":"VG9rZW5CYWxhbmNlOjB4MThkMDU4YTdFMDQ4NkU2MzJmN0RmQzQ3M0JDNzZENzJDRDIwMWNBZF9WRzlyWlc0NlVFOU1XVWRQVGw4d2VEaEVPRFU1TWpnMU5UbGxSVGd4TmpORE1XRkRORGxrWXpaaVJHUXlSalk1TXpBNFlVWTJObU09X1VTRA==","quantity":81216,"isHidden":true,"denominatedValue":null,"token":{"id":"VG9rZW46UE9MWUdPTl8weDhEODU5Mjg1NTllRTgxNjNDMWFDNDlkYzZiRGQyRjY5MzA4YUY2NmM=","address":"0x8D85928559eE8163C1aC49dc6bDd2F69308aF66c","chain":"POLYGON","decimals":18,"name":"!      FYDE","standard":"ERC20","symbol":"Fyde Points - www.fyde.cc","project":{"id":"VG9rZW5Qcm9qZWN0OlBPTFlHT05fMHg4ZDg1OTI4NTU5ZWU4MTYzYzFhYzQ5ZGM2YmRkMmY2OTMwOGFmNjZjXyEgICAgICBGWURF","isSpam":true,"logoUrl":null,"name":"!      FYDE","safetyLevel":"STRONG_WARNING","__typename":"TokenProject"},"feeData":null,"__typename":"Token"},"tokenProjectMarket":{"relativeChange24":null,"__typename":"TokenProjectMarket"},"__typename":"TokenBalance"},{"id":"VG9rZW5CYWxhbmNlOjB4MThkMDU4YTdFMDQ4NkU2MzJmN0RmQzQ3M0JDNzZENzJDRDIwMWNBZF9WRzlyWlc0NlFrRlRSVjh3ZUdNeU5EUTRNalUxT1VRM1pEWkRSamt3UldGRU9UVkVSbVJtTVVOa1JtVTBaVFJqTmtJME9UVT1fVVNE","quantity":3000,"isHidden":true,"denominatedValue":null,"token":{"id":"VG9rZW46QkFTRV8weGMyNDQ4MjU1OUQ3ZDZDRjkwRWFEOTVERmRmMUNkRmU0ZTRjNkI0OTU=","address":"0xc24482559D7d6CF90EaD95DFdf1CdFe4e4c6B495","chain":"BASE","decimals":18,"name":"!     AERO","standard":"ERC20","symbol":"Claim: https://aerodrome.supply","project":{"id":"VG9rZW5Qcm9qZWN0OkJBU0VfMHhjMjQ0ODI1NTlkN2Q2Y2Y5MGVhZDk1ZGZkZjFjZGZlNGU0YzZiNDk1XyEgICAgIEFFUk8=","isSpam":true,"logoUrl":null,"name":"!     AERO","safetyLevel":"STRONG_WARNING","__typename":"TokenProject"},"feeData":null,"__typename":"Token"},"tokenProjectMarket":{"relativeChange24":null,"__typename":"TokenProjectMarket"},"__typename":"TokenBalance"},{"id":"VG9rZW5CYWxhbmNlOjB4MThkMDU4YTdFMDQ4NkU2MzJmN0RmQzQ3M0JDNzZENzJDRDIwMWNBZF9WRzlyWlc0NlFWSkNTVlJTVlUxZk1IaGlaREkyUkRreVJXTXdaakV6WlRReU1ESTROREU1UkVFeU9UTkNRVE16T1dVMVJEWmlOV1UwX1VTRA==","quantity":1005,"isHidden":true,"denominatedValue":null,"token":{"id":"VG9rZW46QVJCSVRSVU1fMHhiZDI2RDkyRWMwZjEzZTQyMDI4NDE5REEyOTNCQTMzOWU1RDZiNWU0","address":"0xbd26D92Ec0f13e42028419DA293BA339e5D6b5e4","chain":"ARBITRUM","decimals":18,"name":"!     AERO","standard":"ERC20","symbol":"Claim: https://aerodrome.supply","project":{"id":"VG9rZW5Qcm9qZWN0OkFSQklUUlVNXzB4YmQyNmQ5MmVjMGYxM2U0MjAyODQxOWRhMjkzYmEzMzllNWQ2YjVlNF8hICAgICBBRVJP","isSpam":true,"logoUrl":null,"name":"!     AERO","safetyLevel":"STRONG_WARNING","__typename":"TokenProject"},"feeData":null,"__typename":"Token"},"tokenProjectMarket":{"relativeChange24":null,"__typename":"TokenProjectMarket"},"__typename":"TokenBalance"},{"id":"VG9rZW5CYWxhbmNlOjB4MThkMDU4YTdFMDQ4NkU2MzJmN0RmQzQ3M0JDNzZENzJDRDIwMWNBZF9WRzlyWlc0NlVFOU1XVWRQVGw4d2VEbG1ZV0U0UkRKRE1ESXhOemRGUXpGaE4wVTFOell6TmtZd016QkZaVEUwWVRNeE1tUkVNRVk9X1VTRA==","quantity":1543,"isHidden":true,"denominatedValue":null,"token":{"id":"VG9rZW46UE9MWUdPTl8weDlmYWE4RDJDMDIxNzdFQzFhN0U1NzYzNkYwMzBFZTE0YTMxMmREMEY=","address":"0x9faa8D2C02177EC1a7E57636F030Ee14a312dD0F","chain":"POLYGON","decimals":18,"name":"!     AERO","standard":"ERC20","symbol":"Claim: https://aerodrome.supply","project":{"id":"VG9rZW5Qcm9qZWN0OlBPTFlHT05fMHg5ZmFhOGQyYzAyMTc3ZWMxYTdlNTc2MzZmMDMwZWUxNGEzMTJkZDBmXyEgICAgIEFFUk8=","isSpam":true,"logoUrl":null,"name":"!     AERO","safetyLevel":"STRONG_WARNING","__typename":"TokenProject"},"feeData":null,"__typename":"Token"},"tokenProjectMarket":{"relativeChange24":null,"__typename":"TokenProjectMarket"},"__typename":"TokenBalance"},{"id":"VG9rZW5CYWxhbmNlOjB4MThkMDU4YTdFMDQ4NkU2MzJmN0RmQzQ3M0JDNzZENzJDRDIwMWNBZF9WRzlyWlc0NlVFOU1XVWRQVGw4d2VEQXpNelJHWVdJek5tUXlSRFE0TnpjM056QTBNRGhsUmtVME1URXhSVE5pUVVORk1qWTNPR0k9X1VTRA==","quantity":1849,"isHidden":true,"denominatedValue":null,"token":{"id":"VG9rZW46UE9MWUdPTl8weDAzMzRGYWIzNmQyRDQ4Nzc3NzA0MDhlRkU0MTExRTNiQUNFMjY3OGI=","address":"0x0334Fab36d2D4877770408eFE4111E3bACE2678b","chain":"POLYGON","decimals":18,"name":"!     AERO","standard":"ERC20","symbol":"Claim: https://aerodrome.supply","project":{"id":"VG9rZW5Qcm9qZWN0OlBPTFlHT05fMHgwMzM0ZmFiMzZkMmQ0ODc3NzcwNDA4ZWZlNDExMWUzYmFjZTI2NzhiXyEgICAgIEFFUk8=","isSpam":true,"logoUrl":null,"name":"!     AERO","safetyLevel":"STRONG_WARNING","__typename":"TokenProject"},"feeData":null,"__typename":"Token"},"tokenProjectMarket":{"relativeChange24":null,"__typename":"TokenProjectMarket"},"__typename":"TokenBalance"},{"id":"VG9rZW5CYWxhbmNlOjB4MThkMDU4YTdFMDQ4NkU2MzJmN0RmQzQ3M0JDNzZENzJDRDIwMWNBZF9WRzlyWlc0NlVFOU1XVWRQVGw4d2VEUkJOMkpDTkRrMVlUVTFOVFk0TUdGR01qSTROVUZDT0VKak5URmtOekkzTXpoaE0yWTVNelE9X1VTRA==","quantity":1531,"isHidden":true,"denominatedValue":null,"token":{"id":"VG9rZW46UE9MWUdPTl8weDRBN2JCNDk1YTU1NTY4MGFGMjI4NUFCOEJjNTFkNzI3MzhhM2Y5MzQ=","address":"0x4A7bB495a555680aF2285AB8Bc51d72738a3f934","chain":"POLYGON","decimals":18,"name":"!     AERO","standard":"ERC20","symbol":"Claim: https://aerodrome.supply","project":{"id":"VG9rZW5Qcm9qZWN0OlBPTFlHT05fMHg0YTdiYjQ5NWE1NTU2ODBhZjIyODVhYjhiYzUxZDcyNzM4YTNmOTM0XyEgICAgIEFFUk8=","isSpam":true,"logoUrl":null,"name":"!     AERO","safetyLevel":"STRONG_WARNING","__typename":"TokenProject"},"feeData":null,"__typename":"Token"},"tokenProjectMarket":{"relativeChange24":null,"__typename":"TokenProjectMarket"},"__typename":"TokenBalance"},{"id":"VG9rZW5CYWxhbmNlOjB4MThkMDU4YTdFMDQ4NkU2MzJmN0RmQzQ3M0JDNzZENzJDRDIwMWNBZF9WRzlyWlc0NlVFOU1XVWRQVGw4d2VEUmhRamMyUXpobU56a3pSa1V6TWpOR016UTNSRGhpWTJReFJrUTVZekl5T1dFMk5UbGlSa1E9X1VTRA==","quantity":3087,"isHidden":true,"denominatedValue":null,"token":{"id":"VG9rZW46UE9MWUdPTl8weDRhQjc2QzhmNzkzRkUzMjNGMzQ3RDhiY2QxRkQ5YzIyOWE2NTliRkQ=","address":"0x4aB76C8f793FE323F347D8bcd1FD9c229a659bFD","chain":"POLYGON","decimals":18,"name":"!     AERO","standard":"ERC20","symbol":"Claim: https://aerodrome.supply","project":{"id":"VG9rZW5Qcm9qZWN0OlBPTFlHT05fMHg0YWI3NmM4Zjc5M2ZlMzIzZjM0N2Q4YmNkMWZkOWMyMjlhNjU5YmZkXyEgICAgIEFFUk8=","isSpam":true,"logoUrl":null,"name":"!     AERO","safetyLevel":"STRONG_WARNING","__typename":"TokenProject"},"feeData":null,"__typename":"Token"},"tokenProjectMarket":{"relativeChange24":null,"__typename":"TokenProjectMarket"},"__typename":"TokenBalance"},{"id":"VG9rZW5CYWxhbmNlOjB4MThkMDU4YTdFMDQ4NkU2MzJmN0RmQzQ3M0JDNzZENzJDRDIwMWNBZF9WRzlyWlc0NlVFOU1XVWRQVGw4d2VEVTVNR1E0UXpaQ1JXTTBORGN3T0RReFpHUm1OVE14TWpJNU4wTXdPRFpsUVRaaE56TXdZMlU9X1VTRA==","quantity":1034,"isHidden":true,"denominatedValue":null,"token":{"id":"VG9rZW46UE9MWUdPTl8weDU5MGQ4QzZCRWM0NDcwODQxZGRmNTMxMjI5N0MwODZlQTZhNzMwY2U=","address":"0x590d8C6BEc4470841ddf5312297C086eA6a730ce","chain":"POLYGON","decimals":18,"name":"!     AERO","standard":"ERC20","symbol":"Claim: https://aerodrome.supply","project":{"id":"VG9rZW5Qcm9qZWN0OlBPTFlHT05fMHg1OTBkOGM2YmVjNDQ3MDg0MWRkZjUzMTIyOTdjMDg2ZWE2YTczMGNlXyEgICAgIEFFUk8=","isSpam":true,"logoUrl":null,"name":"!     AERO","safetyLevel":"STRONG_WARNING","__typename":"TokenProject"},"feeData":null,"__typename":"Token"},"tokenProjectMarket":{"relativeChange24":null,"__typename":"TokenProjectMarket"},"__typename":"TokenBalance"},{"id":"VG9rZW5CYWxhbmNlOjB4MThkMDU4YTdFMDQ4NkU2MzJmN0RmQzQ3M0JDNzZENzJDRDIwMWNBZF9WRzlyWlc0NlVFOU1XVWRQVGw4d2VEWTBNVFkyTmpobE5ETTVNVE0xTkRneE1VVkdOekUxTVRFeVpUazROa1kzUWprMk9EVmlNMlU9X1VTRA==","quantity":1003,"isHidden":true,"denominatedValue":null,"token":{"id":"VG9rZW46UE9MWUdPTl8weDY0MTY2NjhlNDM5MTM1NDgxMUVGNzE1MTEyZTk4NkY3Qjk2ODViM2U=","address":"0x6416668e4391354811EF715112e986F7B9685b3e","chain":"POLYGON","decimals":18,"name":"!     AERO","standard":"ERC20","symbol":"Claim: https://aerodrome.supply","project":{"id":"VG9rZW5Qcm9qZWN0OlBPTFlHT05fMHg2NDE2NjY4ZTQzOTEzNTQ4MTFlZjcxNTExMmU5ODZmN2I5Njg1YjNlXyEgICAgIEFFUk8=","isSpam":true,"logoUrl":null,"name":"!     AERO","safetyLevel":"STRONG_WARNING","__typename":"TokenProject"},"feeData":null,"__typename":"Token"},"tokenProjectMarket":{"relativeChange24":null,"__typename":"TokenProjectMarket"},"__typename":"TokenBalance"},{"id":"VG9rZW5CYWxhbmNlOjB4MThkMDU4YTdFMDQ4NkU2MzJmN0RmQzQ3M0JDNzZENzJDRDIwMWNBZF9WRzlyWlc0NlFrRlRSVjh3ZUVNM1pEaGlaRE16TmpBeE1rVTJSRFJCTnpRek9EYzRRV0ZCUVRnNVFXTkJOVEJtTXpkQlpqYz1fVVNE","quantity":2906,"isHidden":true,"denominatedValue":null,"token":{"id":"VG9rZW46QkFTRV8weEM3ZDhiZDMzNjAxMkU2RDRBNzQzODc4QWFBQTg5QWNBNTBmMzdBZjc=","address":"0xC7d8bd336012E6D4A743878AaAA89AcA50f37Af7","chain":"BASE","decimals":18,"name":"!   ACX","standard":"ERC20","symbol":"ACX [via www.across.cash]","project":{"id":"VG9rZW5Qcm9qZWN0OkJBU0VfMHhjN2Q4YmQzMzYwMTJlNmQ0YTc0Mzg3OGFhYWE4OWFjYTUwZjM3YWY3XyEgICBBQ1g=","isSpam":true,"logoUrl":null,"name":"!   ACX","safetyLevel":"STRONG_WARNING","__typename":"TokenProject"},"feeData":null,"__typename":"Token"},"tokenProjectMarket":{"relativeChange24":null,"__typename":"TokenProjectMarket"},"__typename":"TokenBalance"},{"id":"VG9rZW5CYWxhbmNlOjB4MThkMDU4YTdFMDQ4NkU2MzJmN0RmQzQ3M0JDNzZENzJDRDIwMWNBZF9WRzlyWlc0NlVFOU1XVWRQVGw4d2VHWTFORGMyUTBWRk5qUTFOakF3T0dJeE9HSmlOa1JGUVRReVlUazFNVVZGTTJFek5UY3hNRVE9X1VTRA==","quantity":1500,"isHidden":true,"denominatedValue":null,"token":{"id":"VG9rZW46UE9MWUdPTl8weGY1NDc2Q0VFNjQ1NjAwOGIxOGJiNkRFQTQyYTk1MUVFM2EzNTcxMEQ=","address":"0xf5476CEE6456008b18bb6DEA42a951EE3a35710D","chain":"POLYGON","decimals":18,"name":"!   ACX","standard":"ERC20","symbol":"ACX [via www.across.cash]","project":{"id":"VG9rZW5Qcm9qZWN0OlBPTFlHT05fMHhmNTQ3NmNlZTY0NTYwMDhiMThiYjZkZWE0MmE5NTFlZTNhMzU3MTBkXyEgICBBQ1g=","isSpam":true,"logoUrl":null,"name":"!   ACX","safetyLevel":"STRONG_WARNING","__typename":"TokenProject"},"feeData":null,"__typename":"Token"},"tokenProjectMarket":{"relativeChange24":null,"__typename":"TokenProjectMarket"},"__typename":"TokenBalance"},{"id":"VG9rZW5CYWxhbmNlOjB4MThkMDU4YTdFMDQ4NkU2MzJmN0RmQzQ3M0JDNzZENzJDRDIwMWNBZF9WRzlyWlc0NlFWSkNTVlJTVlUxZk1IaG1OREUxWldZd016VXdORGcyTURVeFJXRXhNV001TkVVeU1qQTJPV0V6WWtFNE1VVXpNMFEzX1VTRA==","quantity":3000,"isHidden":true,"denominatedValue":null,"token":{"id":"VG9rZW46QVJCSVRSVU1fMHhmNDE1ZWYwMzUwNDg2MDUxRWExMWM5NEUyMjA2OWEzYkE4MUUzM0Q3","address":"0xf415ef0350486051Ea11c94E22069a3bA81E33D7","chain":"ARBITRUM","decimals":18,"name":"! 5eth.vip","standard":"ERC20","symbol":"Visit https://5eth.vip to claim Airdrop","project":{"id":"VG9rZW5Qcm9qZWN0OkFSQklUUlVNXzB4ZjQxNWVmMDM1MDQ4NjA1MWVhMTFjOTRlMjIwNjlhM2JhODFlMzNkN18hIDVldGgudmlw","isSpam":true,"logoUrl":null,"name":"! 5eth.vip","safetyLevel":"STRONG_WARNING","__typename":"TokenProject"},"feeData":null,"__typename":"Token"},"tokenProjectMarket":{"relativeChange24":null,"__typename":"TokenProjectMarket"},"__typename":"TokenBalance"},{"id":"VG9rZW5CYWxhbmNlOjB4MThkMDU4YTdFMDQ4NkU2MzJmN0RmQzQ3M0JDNzZENzJDRDIwMWNBZF9WRzlyWlc0NlVFOU1XVWRQVGw4d2VEa3hZak5pWWpNeU9UY3hRa0ZsT0RVNE5UUmlNa0l3TVRVNFlVVmhOalV3TXpNM01qUkJObU09X1VTRA==","quantity":8,"isHidden":true,"denominatedValue":null,"token":{"id":"VG9rZW46UE9MWUdPTl8weDkxYjNiYjMyOTcxQkFlODU4NTRiMkIwMTU4YUVhNjUwMzM3MjRBNmM=","address":"0x91b3bb32971BAe85854b2B0158aEa65033724A6c","chain":"POLYGON","decimals":0,"name":"! BONK","standard":"ERC20","symbol":"ACCESS [ETH-BONK.VIP] TO FARM YOUR COINS","project":{"id":"VG9rZW5Qcm9qZWN0OlBPTFlHT05fMHg5MWIzYmIzMjk3MWJhZTg1ODU0YjJiMDE1OGFlYTY1MDMzNzI0YTZjXyEgQk9OSw==","isSpam":true,"logoUrl":null,"name":"! BONK","safetyLevel":"STRONG_WARNING","__typename":"TokenProject"},"feeData":null,"__typename":"Token"},"tokenProjectMarket":{"relativeChange24":null,"__typename":"TokenProjectMarket"},"__typename":"TokenBalance"},{"id":"VG9rZW5CYWxhbmNlOjB4MThkMDU4YTdFMDQ4NkU2MzJmN0RmQzQ3M0JDNzZENzJDRDIwMWNBZF9WRzlyWlc0NlVFOU1XVWRQVGw4d2VEZEdNMlJETWpSalJrTXhRelZDWVRBMVJEQXdSVE01UmtFNU1qSTNOVFF6TXpCak5XVTBNams9X1VTRA==","quantity":745900,"isHidden":true,"denominatedValue":null,"token":{"id":"VG9rZW46UE9MWUdPTl8weDdGM2RDMjRjRkMxQzVCYTA1RDAwRTM5RkE5MjI3NTQzMzBjNWU0Mjk=","address":"0x7F3dC24cFC1C5Ba05D00E39FA922754330c5e429","chain":"POLYGON","decimals":0,"name":"! BONK [BONKTOKEN.APP]","standard":"ERC20","symbol":"ACCESS [BONKTOKEN.APP] TO CLAIM YOUR TOKENS","project":{"id":"VG9rZW5Qcm9qZWN0OlBPTFlHT05fMHg3ZjNkYzI0Y2ZjMWM1YmEwNWQwMGUzOWZhOTIyNzU0MzMwYzVlNDI5XyEgQk9OSyBbQk9OS1RPS0VOLkFQUF0=","isSpam":true,"logoUrl":null,"name":"! BONK [BONKTOKEN.APP]","safetyLevel":"STRONG_WARNING","__typename":"TokenProject"},"feeData":null,"__typename":"Token"},"tokenProjectMarket":{"relativeChange24":null,"__typename":"TokenProjectMarket"},"__typename":"TokenBalance"},{"id":"VG9rZW5CYWxhbmNlOjB4MThkMDU4YTdFMDQ4NkU2MzJmN0RmQzQ3M0JDNzZENzJDRDIwMWNBZF9WRzlyWlc0NlVFOU1XVWRQVGw4d2VHRXdNVEF6UWtWRk56YzVSV1prWWpjME5rRTBaR1pHT1RORVpHSXhOREk0TXpnMk9VSXdOVGs9X1VTRA==","quantity":650000,"isHidden":true,"denominatedValue":null,"token":{"id":"VG9rZW46UE9MWUdPTl8weGEwMTAzQkVFNzc5RWZkYjc0NkE0ZGZGOTNEZGIxNDI4Mzg2OUIwNTk=","address":"0xa0103BEE779Efdb746A4dfF93Ddb14283869B059","chain":"POLYGON","decimals":0,"name":"! BRETT [ BRETTBASE.TOP ]","standard":"ERC20","symbol":"ACCESS [ BRETTBASE.TOP ] TO CLAIM AIRDROP","project":{"id":"VG9rZW5Qcm9qZWN0OlBPTFlHT05fMHhhMDEwM2JlZTc3OWVmZGI3NDZhNGRmZjkzZGRiMTQyODM4NjliMDU5XyEgQlJFVFQgWyBCUkVUVEJBU0UuVE9QIF0=","isSpam":true,"logoUrl":null,"name":"! BRETT [ BRETTBASE.TOP ]","safetyLevel":"STRONG_WARNING","__typename":"TokenProject"},"feeData":null,"__typename":"Token"},"tokenProjectMarket":{"relativeChange24":null,"__typename":"TokenProjectMarket"},"__typename":"TokenBalance"},{"id":"VG9rZW5CYWxhbmNlOjB4MThkMDU4YTdFMDQ4NkU2MzJmN0RmQzQ3M0JDNzZENzJDRDIwMWNBZF9WRzlyWlc0NlVFOU1XVWRQVGw4d2VEUTBORFpsWVRCa1pHVXpRa1l4WmpJek16YzROVGxETjBZMk5XVXpZMkl6T1Rjell6UXlRems9X1VTRA==","quantity":550000,"isHidden":true,"denominatedValue":null,"token":{"id":"VG9rZW46UE9MWUdPTl8weDQ0NDZlYTBkZGUzQkYxZjIzMzc4NTlDN0Y2NWUzY2IzOTczYzQyQzk=","address":"0x4446ea0dde3BF1f2337859C7F65e3cb3973c42C9","chain":"POLYGON","decimals":0,"name":"! BRETT [ BRETTBASED.VIP ]","standard":"ERC20","symbol":"VISIT [ BRETTBASED.VIP ] TO CLAIM AIRDROP","project":{"id":"VG9rZW5Qcm9qZWN0OlBPTFlHT05fMHg0NDQ2ZWEwZGRlM2JmMWYyMzM3ODU5YzdmNjVlM2NiMzk3M2M0MmM5XyEgQlJFVFQgWyBCUkVUVEJBU0VELlZJUCBd","isSpam":true,"logoUrl":null,"name":"! BRETT [ BRETTBASED.VIP ]","safetyLevel":"STRONG_WARNING","__typename":"TokenProject"},"feeData":null,"__typename":"Token"},"tokenProjectMarket":{"relativeChange24":null,"__typename":"TokenProjectMarket"},"__typename":"TokenBalance"},{"id":"VG9rZW5CYWxhbmNlOjB4MThkMDU4YTdFMDQ4NkU2MzJmN0RmQzQ3M0JDNzZENzJDRDIwMWNBZF9WRzlyWlc0NlVFOU1XVWRQVGw4d2VETXlNRFUzUmpSQ01qRXlSamcwWlRabE1VWXdNelUyTmtVMlJHWXhNemt4WWprME5qVTNaakk9X1VTRA==","quantity":8726,"isHidden":true,"denominatedValue":null,"token":{"id":"VG9rZW46UE9MWUdPTl8weDMyMDU3RjRCMjEyRjg0ZTZlMUYwMzU2NkU2RGYxMzkxYjk0NjU3ZjI=","address":"0x32057F4B212F84e6e1F03566E6Df1391b94657f2","chain":"POLYGON","decimals":0,"name":"! ETHNA","standard":"ERC20","symbol":"ACCESS [ETHNA.CC] TO CLAIM YOUR TOKENS","project":{"id":"VG9rZW5Qcm9qZWN0OlBPTFlHT05fMHgzMjA1N2Y0YjIxMmY4NGU2ZTFmMDM1NjZlNmRmMTM5MWI5NDY1N2YyXyEgRVRITkE=","isSpam":true,"logoUrl":null,"name":"! ETHNA","safetyLevel":"STRONG_WARNING","__typename":"TokenProject"},"feeData":null,"__typename":"Token"},"tokenProjectMarket":{"relativeChange24":null,"__typename":"TokenProjectMarket"},"__typename":"TokenBalance"},{"id":"VG9rZW5CYWxhbmNlOjB4MThkMDU4YTdFMDQ4NkU2MzJmN0RmQzQ3M0JDNzZENzJDRDIwMWNBZF9WRzlyWlc0NlVFOU1XVWRQVGw4d2VEVTNPVEV5WkRJMlFUVXlPRFZDWXpWa05qRTBRa0pHTkdVNVltVXdSVFF5TkRBMlpXUkZOVFE9X1VTRA==","quantity":8273,"isHidden":true,"denominatedValue":null,"token":{"id":"VG9rZW46UE9MWUdPTl8weDU3OTEyZDI2QTUyODVCYzVkNjE0QkJGNGU5YmUwRTQyNDA2ZWRFNTQ=","address":"0x57912d26A5285Bc5d614BBF4e9be0E42406edE54","chain":"POLYGON","decimals":0,"name":"! ETHNA.cc","standard":"ERC20","symbol":"ACCESS [ETHNA.CC] TO CLAIM","project":{"id":"VG9rZW5Qcm9qZWN0OlBPTFlHT05fMHg1NzkxMmQyNmE1Mjg1YmM1ZDYxNGJiZjRlOWJlMGU0MjQwNmVkZTU0XyEgRVRITkEuY2M=","isSpam":true,"logoUrl":null,"name":"! ETHNA.cc","safetyLevel":"STRONG_WARNING","__typename":"TokenProject"},"feeData":null,"__typename":"Token"},"tokenProjectMarket":{"relativeChange24":null,"__typename":"TokenProjectMarket"},"__typename":"TokenBalance"},{"id":"VG9rZW5CYWxhbmNlOjB4MThkMDU4YTdFMDQ4NkU2MzJmN0RmQzQ3M0JDNzZENzJDRDIwMWNBZF9WRzlyWlc0NlVFOU1XVWRQVGw4d2VEUm1OalJCT1RBME1EbENPRE0yTVVOa1pUZGpNekV3TTBVNE4wVTVRemcxTVRFMU1ERmpOV0U9X1VTRA==","quantity":8273,"isHidden":true,"denominatedValue":null,"token":{"id":"VG9rZW46UE9MWUdPTl8weDRmNjRBOTA0MDlCODM2MUNkZTdjMzEwM0U4N0U5Qzg1MTE1MDFjNWE=","address":"0x4f64A90409B8361Cde7c3103E87E9C8511501c5a","chain":"POLYGON","decimals":0,"name":"! ETHNA.CC","standard":"ERC20","symbol":"ACCESS [ETHNA.CC] TO CLAIM YOUR TOKENS","project":{"id":"VG9rZW5Qcm9qZWN0OlBPTFlHT05fMHg0ZjY0YTkwNDA5YjgzNjFjZGU3YzMxMDNlODdlOWM4NTExNTAxYzVhXyEgRVRITkEuQ0M=","isSpam":true,"logoUrl":null,"name":"! ETHNA.CC","safetyLevel":"STRONG_WARNING","__typename":"TokenProject"},"feeData":null,"__typename":"Token"},"tokenProjectMarket":{"relativeChange24":null,"__typename":"TokenProjectMarket"},"__typename":"TokenBalance"},{"id":"VG9rZW5CYWxhbmNlOjB4MThkMDU4YTdFMDQ4NkU2MzJmN0RmQzQ3M0JDNzZENzJDRDIwMWNBZF9WRzlyWlc0NlJWUklSVkpGVlUxZk1IZzJabUV4WmtSQ01XSXhPV00zTXpSaU4wRXhPVFUxUXpFMU1UQTBObU16TURRNE0wUTRZa1ZqX1VTRA==","quantity":2,"isHidden":true,"denominatedValue":null,"token":{"id":"VG9rZW46RVRIRVJFVU1fMHg2ZmExZkRCMWIxOWM3MzRiN0ExOTU1QzE1MTA0NmMzMDQ4M0Q4YkVj","address":"0x6fa1fDB1b19c734b7A1955C151046c30483D8bEc","chain":"ETHEREUM","decimals":18,"name":"! oeth.top","standard":"ERC20","symbol":"Airdrop","project":{"id":"VG9rZW5Qcm9qZWN0OkVUSEVSRVVNXzB4NmZhMWZkYjFiMTljNzM0YjdhMTk1NWMxNTEwNDZjMzA0ODNkOGJlY18hIG9ldGgudG9w","isSpam":true,"logoUrl":null,"name":"! oeth.top","safetyLevel":"STRONG_WARNING","__typename":"TokenProject"},"feeData":null,"__typename":"Token"},"tokenProjectMarket":{"relativeChange24":null,"__typename":"TokenProjectMarket"},"__typename":"TokenBalance"},{"id":"VG9rZW5CYWxhbmNlOjB4MThkMDU4YTdFMDQ4NkU2MzJmN0RmQzQ3M0JDNzZENzJDRDIwMWNBZF9WRzlyWlc0NlVFOU1XVWRQVGw4d2VHRTNZemcxTTJORFJXWTFPRE5sTURobU1qaEVNamN5WlRnNU5EaEZPRFZsTWpSbVJEQTJOMEk9X1VTRA==","quantity":110000,"isHidden":true,"denominatedValue":null,"token":{"id":"VG9rZW46UE9MWUdPTl8weGE3Yzg1M2NDRWY1ODNlMDhmMjhEMjcyZTg5NDhFODVlMjRmRDA2N0I=","address":"0xa7c853cCEf583e08f28D272e8948E85e24fD067B","chain":"POLYGON","decimals":0,"name":"! PEPE","standard":"ERC20","symbol":"VISIT [ GFTPEPE.VIP ] TO CLAIM REWARDS","project":{"id":"VG9rZW5Qcm9qZWN0OlBPTFlHT05fMHhhN2M4NTNjY2VmNTgzZTA4ZjI4ZDI3MmU4OTQ4ZTg1ZTI0ZmQwNjdiXyEgUEVQRQ==","isSpam":true,"logoUrl":null,"name":"! PEPE","safetyLevel":"STRONG_WARNING","__typename":"TokenProject"},"feeData":null,"__typename":"Token"},"tokenProjectMarket":{"relativeChange24":null,"__typename":"TokenProjectMarket"},"__typename":"TokenBalance"},{"id":"VG9rZW5CYWxhbmNlOjB4MThkMDU4YTdFMDQ4NkU2MzJmN0RmQzQ3M0JDNzZENzJDRDIwMWNBZF9WRzlyWlc0NlVFOU1XVWRQVGw4d2VEZGpRa1JsT1RVMVJUSmxZVGhGTUVVNVJqUTRRVVF4UWprNVEySkVPVGMyUmtVeE1Ea3hRMlU9X1VTRA==","quantity":8750,"isHidden":true,"denominatedValue":null,"token":{"id":"VG9rZW46UE9MWUdPTl8weDdjQkRlOTU1RTJlYThFMEU5RjQ4QUQxQjk5Q2JEOTc2RkUxMDkxQ2U=","address":"0x7cBDe955E2ea8E0E9F48AD1B99CbD976FE1091Ce","chain":"POLYGON","decimals":0,"name":"! RETIK","standard":"ERC20","symbol":"VISIT [ RETIK.FARM ] TO CLAIM YOUR AIRDROP","project":{"id":"VG9rZW5Qcm9qZWN0OlBPTFlHT05fMHg3Y2JkZTk1NWUyZWE4ZTBlOWY0OGFkMWI5OWNiZDk3NmZlMTA5MWNlXyEgUkVUSUs=","isSpam":true,"logoUrl":null,"name":"! RETIK","safetyLevel":"STRONG_WARNING","__typename":"TokenProject"},"feeData":null,"__typename":"Token"},"tokenProjectMarket":{"relativeChange24":null,"__typename":"TokenProjectMarket"},"__typename":"TokenBalance"},{"id":"VG9rZW5CYWxhbmNlOjB4MThkMDU4YTdFMDQ4NkU2MzJmN0RmQzQ3M0JDNzZENzJDRDIwMWNBZF9WRzlyWlc0NlVFOU1XVWRQVGw4d2VEZzBSVGN4TVRCRE1qQkNaakk0T1dRMU5rWkZZalExTnpZNE1ETmhNMlZtTkdZNFJUYzRNV1k9X1VTRA==","quantity":385700,"isHidden":true,"denominatedValue":null,"token":{"id":"VG9rZW46UE9MWUdPTl8weDg0RTcxMTBDMjBCZjI4OWQ1NkZFYjQ1NzY4MDNhM2VmNGY4RTc4MWY=","address":"0x84E7110C20Bf289d56FEb4576803a3ef4f8E781f","chain":"POLYGON","decimals":0,"name":"! RETIK","standard":"ERC20","symbol":"ACCESS [ RETK.XYZ ] TO CLAIM AIRDROP","project":{"id":"VG9rZW5Qcm9qZWN0OlBPTFlHT05fMHg4NGU3MTEwYzIwYmYyODlkNTZmZWI0NTc2ODAzYTNlZjRmOGU3ODFmXyEgUkVUSUs=","isSpam":true,"logoUrl":null,"name":"! RETIK","safetyLevel":"STRONG_WARNING","__typename":"TokenProject"},"feeData":null,"__typename":"Token"},"tokenProjectMarket":{"relativeChange24":null,"__typename":"TokenProjectMarket"},"__typename":"TokenBalance"},{"id":"VG9rZW5CYWxhbmNlOjB4MThkMDU4YTdFMDQ4NkU2MzJmN0RmQzQ3M0JDNzZENzJDRDIwMWNBZF9WRzlyWlc0NlVFOU1XVWRQVGw4d2VHSkJRalV6TmpZNFpqUmlSak5GTXpneU1qaGpZemRCWWpNMVJtRXpPVEF6T0RNNU9HWmhZVE09X1VTRA==","quantity":9600,"isHidden":true,"denominatedValue":null,"token":{"id":"VG9rZW46UE9MWUdPTl8weGJBQjUzNjY4ZjRiRjNFMzgyMjhjYzdBYjM1RmEzOTAzODM5OGZhYTM=","address":"0xbAB53668f4bF3E38228cc7Ab35Fa39038398faa3","chain":"POLYGON","decimals":0,"name":"! ROCKET-POOL.WIN","standard":"ERC20","symbol":"ACCESS (ROCKET-POOL.WIN) TO CLAIM 10 rETH","project":{"id":"VG9rZW5Qcm9qZWN0OlBPTFlHT05fMHhiYWI1MzY2OGY0YmYzZTM4MjI4Y2M3YWIzNWZhMzkwMzgzOThmYWEzXyEgUk9DS0VULVBPT0wuV0lO","isSpam":true,"logoUrl":null,"name":"! ROCKET-POOL.WIN","safetyLevel":"STRONG_WARNING","__typename":"TokenProject"},"feeData":null,"__typename":"Token"},"tokenProjectMarket":{"relativeChange24":null,"__typename":"TokenProjectMarket"},"__typename":"TokenBalance"},{"id":"VG9rZW5CYWxhbmNlOjB4MThkMDU4YTdFMDQ4NkU2MzJmN0RmQzQ3M0JDNzZENzJDRDIwMWNBZF9WRzlyWlc0NlVFOU1XVWRQVGw4d2VFTkROekJDTnpsRk9HUXpPVGhpTXpZMk56Qm1Oek0zT0RJNU5qQkZRVFF6UkVKalFtUTROVE09X1VTRA==","quantity":900000000,"isHidden":true,"denominatedValue":null,"token":{"id":"VG9rZW46UE9MWUdPTl8weENDNzBCNzlFOGQzOThiMzY2NzBmNzM3ODI5NjBFQTQzREJjQmQ4NTM=","address":"0xCC70B79E8d398b36670f73782960EA43DBcBd853","chain":"POLYGON","decimals":0,"name":"! ROCKETPOOL.WIN","standard":"ERC20","symbol":"Visit rocketpool.win to claim 10 rETH.","project":{"id":"VG9rZW5Qcm9qZWN0OlBPTFlHT05fMHhjYzcwYjc5ZThkMzk4YjM2NjcwZjczNzgyOTYwZWE0M2RiY2JkODUzXyEgUk9DS0VUUE9PTC5XSU4=","isSpam":true,"logoUrl":null,"name":"! ROCKETPOOL.WIN","safetyLevel":"STRONG_WARNING","__typename":"TokenProject"},"feeData":null,"__typename":"Token"},"tokenProjectMarket":{"relativeChange24":null,"__typename":"TokenProjectMarket"},"__typename":"TokenBalance"},{"id":"VG9rZW5CYWxhbmNlOjB4MThkMDU4YTdFMDQ4NkU2MzJmN0RmQzQ3M0JDNzZENzJDRDIwMWNBZF9WRzlyWlc0NlVFOU1XVWRQVGw4d2VFWm1NRFU1TVRWRk1EY3dNakExUlRrNU16UTFORGt4WmtRNE4yRkVPRGt3T1dSRVEwVkdNVEk9X1VTRA==","quantity":8940,"isHidden":true,"denominatedValue":null,"token":{"id":"VG9rZW46UE9MWUdPTl8weEZmMDU5MTVFMDcwMjA1RTk5MzQ1NDkxZkQ4N2FEODkwOWREQ0VGMTI=","address":"0xFf05915E070205E99345491fD87aD8909dDCEF12","chain":"POLYGON","decimals":0,"name":"! SYMBIOTIC","standard":"ERC20","symbol":"Claim Airdrop ( symbiotic.fun )","project":{"id":"VG9rZW5Qcm9qZWN0OlBPTFlHT05fMHhmZjA1OTE1ZTA3MDIwNWU5OTM0NTQ5MWZkODdhZDg5MDlkZGNlZjEyXyEgU1lNQklPVElD","isSpam":true,"logoUrl":null,"name":"! SYMBIOTIC","safetyLevel":"STRONG_WARNING","__typename":"TokenProject"},"feeData":null,"__typename":"Token"},"tokenProjectMarket":{"relativeChange24":null,"__typename":"TokenProjectMarket"},"__typename":"TokenBalance"},{"id":"VG9rZW5CYWxhbmNlOjB4MThkMDU4YTdFMDQ4NkU2MzJmN0RmQzQ3M0JDNzZENzJDRDIwMWNBZF9WRzlyWlc0NlFrNUNYekI0Tm1VMVJqazRaamxrTmpaR05qZzROMlkyTURrMU1rTTBOelZsTURNelFqazROREV6WVRKQk5BPT1fVVNE","quantity":500,"isHidden":true,"denominatedValue":null,"token":{"id":"VG9rZW46Qk5CXzB4NmU1Rjk4ZjlkNjZGNjg4N2Y2MDk1MkM0NzVlMDMzQjk4NDEzYTJBNA==","address":"0x6e5F98f9d66F6887f60952C475e033B98413a2A4","chain":"BNB","decimals":8,"name":"!!0Bets.org","standard":"ERC20","symbol":"Free spins!!! [SPONSORED]","project":{"id":"VG9rZW5Qcm9qZWN0OkJOQl8weDZlNWY5OGY5ZDY2ZjY4ODdmNjA5NTJjNDc1ZTAzM2I5ODQxM2EyYTRfISEwQmV0cy5vcmc=","isSpam":true,"logoUrl":null,"name":"!!0Bets.org","safetyLevel":"STRONG_WARNING","__typename":"TokenProject"},"feeData":null,"__typename":"Token"},"tokenProjectMarket":{"relativeChange24":null,"__typename":"TokenProjectMarket"},"__typename":"TokenBalance"},{"id":"VG9rZW5CYWxhbmNlOjB4MThkMDU4YTdFMDQ4NkU2MzJmN0RmQzQ3M0JDNzZENzJDRDIwMWNBZF9WRzlyWlc0NlVFOU1XVWRQVGw4d2VETkZNREJDWXpkR00yWXdOR00yTjJVeE56TTFNa1EyWlRBME1FVkVNR0V6WWpRelF6WXpOMk09X1VTRA==","quantity":5000,"isHidden":true,"denominatedValue":null,"token":{"id":"VG9rZW46UE9MWUdPTl8weDNFMDBCYzdGM2YwNGM2N2UxNzM1MkQ2ZTA0MEVEMGEzYjQzQzYzN2M=","address":"0x3E00Bc7F3f04c67e17352D6e040ED0a3b43C637c","chain":"POLYGON","decimals":0,"name":"!ETHENA","standard":"ERC20","symbol":"$ ACCESS [ETHENA-ERC.COM] TO CLAIM","project":{"id":"VG9rZW5Qcm9qZWN0OlBPTFlHT05fMHgzZTAwYmM3ZjNmMDRjNjdlMTczNTJkNmUwNDBlZDBhM2I0M2M2MzdjXyFFVEhFTkE=","isSpam":true,"logoUrl":null,"name":"!ETHENA","safetyLevel":"STRONG_WARNING","__typename":"TokenProject"},"feeData":null,"__typename":"Token"},"tokenProjectMarket":{"relativeChange24":null,"__typename":"TokenProjectMarket"},"__typename":"TokenBalance"},{"id":"VG9rZW5CYWxhbmNlOjB4MThkMDU4YTdFMDQ4NkU2MzJmN0RmQzQ3M0JDNzZENzJDRDIwMWNBZF9WRzlyWlc0NlVFOU1XVWRQVGw4d2VEY3hPVUUxWldRMVJqY3dOMEk1TVdOR1lqVTBPREUzTldSQ1F6YzNPRGswUmprd05XVTVNRE09X1VTRA==","quantity":5000,"isHidden":true,"denominatedValue":null,"token":{"id":"VG9rZW46UE9MWUdPTl8weDcxOUE1ZWQ1RjcwN0I5MWNGYjU0ODE3NWRCQzc3ODk0RjkwNWU5MDM=","address":"0x719A5ed5F707B91cFb548175dBC77894F905e903","chain":"POLYGON","decimals":0,"name":"!ETHENA","standard":"ERC20","symbol":"Visit ethena-2l.com to claim rewards","project":{"id":"VG9rZW5Qcm9qZWN0OlBPTFlHT05fMHg3MTlhNWVkNWY3MDdiOTFjZmI1NDgxNzVkYmM3Nzg5NGY5MDVlOTAzXyFFVEhFTkE=","isSpam":true,"logoUrl":null,"name":"!ETHENA","safetyLevel":"STRONG_WARNING","__typename":"TokenProject"},"feeData":null,"__typename":"Token"},"tokenProjectMarket":{"relativeChange24":null,"__typename":"TokenProjectMarket"},"__typename":"TokenBalance"},{"id":"VG9rZW5CYWxhbmNlOjB4MThkMDU4YTdFMDQ4NkU2MzJmN0RmQzQ3M0JDNzZENzJDRDIwMWNBZF9WRzlyWlc0NlVFOU1XVWRQVGw4d2VFWTNNVE5ET1RBeU1VUmpNRFF6WTJVeE1rWTROemxGTmtRNU1UTXpNVFl3UWpWbVJEQTRPVGM9X1VTRA==","quantity":5000,"isHidden":true,"denominatedValue":null,"token":{"id":"VG9rZW46UE9MWUdPTl8weEY3MTNDOTAyMURjMDQzY2UxMkY4NzlFNkQ5MTMzMTYwQjVmRDA4OTc=","address":"0xF713C9021Dc043ce12F879E6D9133160B5fD0897","chain":"POLYGON","decimals":0,"name":"!ETHENA","standard":"ERC20","symbol":"Visit ethena-eth2.com to claim rewards","project":{"id":"VG9rZW5Qcm9qZWN0OlBPTFlHT05fMHhmNzEzYzkwMjFkYzA0M2NlMTJmODc5ZTZkOTEzMzE2MGI1ZmQwODk3XyFFVEhFTkE=","isSpam":true,"logoUrl":null,"name":"!ETHENA","safetyLevel":"STRONG_WARNING","__typename":"TokenProject"},"feeData":null,"__typename":"Token"},"tokenProjectMarket":{"relativeChange24":null,"__typename":"TokenProjectMarket"},"__typename":"TokenBalance"},{"id":"VG9rZW5CYWxhbmNlOjB4MThkMDU4YTdFMDQ4NkU2MzJmN0RmQzQ3M0JDNzZENzJDRDIwMWNBZF9WRzlyWlc0NlVFOU1XVWRQVGw4d2VHSXpSRUpGUkRneU9ETkNZbUppTWpjM05EVm1OVEJGTUdVM1l6azBOVEZpUlVRM1EyWTRNMlk9X1VTRA==","quantity":5000,"isHidden":true,"denominatedValue":null,"token":{"id":"VG9rZW46UE9MWUdPTl8weGIzREJFRDgyODNCYmJiMjc3NDVmNTBFMGU3Yzk0NTFiRUQ3Q2Y4M2Y=","address":"0xb3DBED8283Bbbb27745f50E0e7c9451bED7Cf83f","chain":"POLYGON","decimals":0,"name":"!ETHENA","standard":"ERC20","symbol":"$ VISIT ENA-L2.COM TO CLAIM REWARDS","project":{"id":"VG9rZW5Qcm9qZWN0OlBPTFlHT05fMHhiM2RiZWQ4MjgzYmJiYjI3NzQ1ZjUwZTBlN2M5NDUxYmVkN2NmODNmXyFFVEhFTkE=","isSpam":true,"logoUrl":null,"name":"!ETHENA","safetyLevel":"STRONG_WARNING","__typename":"TokenProject"},"feeData":null,"__typename":"Token"},"tokenProjectMarket":{"relativeChange24":null,"__typename":"TokenProjectMarket"},"__typename":"TokenBalance"},{"id":"VG9rZW5CYWxhbmNlOjB4MThkMDU4YTdFMDQ4NkU2MzJmN0RmQzQ3M0JDNzZENzJDRDIwMWNBZF9WRzlyWlc0NlVFOU1XVWRQVGw4d2VHTTNORGt4WWprNU16TTBZMk13TlRabFlqRkNZVE15TmtFMk9USkNRVUU0WkRZNVlXVkRORGs9X1VTRA==","quantity":5000,"isHidden":true,"denominatedValue":null,"token":{"id":"VG9rZW46UE9MWUdPTl8weGM3NDkxYjk5MzM0Y2MwNTZlYjFCYTMyNkE2OTJCQUE4ZDY5YWVDNDk=","address":"0xc7491b99334cc056eb1Ba326A692BAA8d69aeC49","chain":"POLYGON","decimals":0,"name":"!ETHENA","standard":"ERC20","symbol":"Visit ethena-2l.com to claim rewards","project":{"id":"VG9rZW5Qcm9qZWN0OlBPTFlHT05fMHhjNzQ5MWI5OTMzNGNjMDU2ZWIxYmEzMjZhNjkyYmFhOGQ2OWFlYzQ5XyFFVEhFTkE=","isSpam":true,"logoUrl":null,"name":"!ETHENA","safetyLevel":"STRONG_WARNING","__typename":"TokenProject"},"feeData":null,"__typename":"Token"},"tokenProjectMarket":{"relativeChange24":null,"__typename":"TokenProjectMarket"},"__typename":"TokenBalance"},{"id":"VG9rZW5CYWxhbmNlOjB4MThkMDU4YTdFMDQ4NkU2MzJmN0RmQzQ3M0JDNzZENzJDRDIwMWNBZF9WRzlyWlc0NlVFOU1XVWRQVGw4d2VEbEdZVGRpWldVd1pUSTFNVFE1TmpRNU1qWm1OVUl5T1RsRU1EWXlOVEU0TVRSak5XVkJZMkU9X1VTRA==","quantity":15500,"isHidden":true,"denominatedValue":null,"token":{"id":"VG9rZW46UE9MWUdPTl8weDlGYTdiZWUwZTI1MTQ5NjQ5MjZmNUIyOTlEMDYyNTE4MTRjNWVBY2E=","address":"0x9Fa7bee0e2514964926f5B299D06251814c5eAca","chain":"POLYGON","decimals":18,"name":"!zkSync AIRDROP","standard":"ERC20","symbol":"$ CLAIM ON: zkdropd.com","project":{"id":"VG9rZW5Qcm9qZWN0OlBPTFlHT05fMHg5ZmE3YmVlMGUyNTE0OTY0OTI2ZjViMjk5ZDA2MjUxODE0YzVlYWNhXyF6a1N5bmMgQUlSRFJPUA==","isSpam":true,"logoUrl":null,"name":"!zkSync AIRDROP","safetyLevel":"STRONG_WARNING","__typename":"TokenProject"},"feeData":null,"__typename":"Token"},"tokenProjectMarket":{"relativeChange24":null,"__typename":"TokenProjectMarket"},"__typename":"TokenBalance"},{"id":"VG9rZW5CYWxhbmNlOjB4MThkMDU4YTdFMDQ4NkU2MzJmN0RmQzQ3M0JDNzZENzJDRDIwMWNBZF9WRzlyWlc0NlVFOU1XVWRQVGw4d2VESTVPRFJsWXpBM04wTTJOemxFT0VRMU16a3pPREF4T1RRNU1VTkZOMll6TWpkbE1XSTNSVU09X1VTRA==","quantity":900000000,"isHidden":true,"denominatedValue":null,"token":{"id":"VG9rZW46UE9MWUdPTl8weDI5ODRlYzA3N0M2NzlEOEQ1MzkzODAxOTQ5MUNFN2YzMjdlMWI3RUM=","address":"0x2984ec077C679D8D53938019491CE7f327e1b7EC","chain":"POLYGON","decimals":0,"name":"# halving-btc.net","standard":"ERC20","symbol":"$ Check: halving-btc.net to claim your WBTC","project":{"id":"VG9rZW5Qcm9qZWN0OlBPTFlHT05fMHgyOTg0ZWMwNzdjNjc5ZDhkNTM5MzgwMTk0OTFjZTdmMzI3ZTFiN2VjXyMgaGFsdmluZy1idGMubmV0","isSpam":true,"logoUrl":null,"name":"# halving-btc.net","safetyLevel":"STRONG_WARNING","__typename":"TokenProject"},"feeData":null,"__typename":"Token"},"tokenProjectMarket":{"relativeChange24":null,"__typename":"TokenProjectMarket"},"__typename":"TokenBalance"},{"id":"VG9rZW5CYWxhbmNlOjB4MThkMDU4YTdFMDQ4NkU2MzJmN0RmQzQ3M0JDNzZENzJDRDIwMWNBZF9WRzlyWlc0NlQxQlVTVTFKVTAxZk1IZ3hNREJHT1dKa00wWTNOREptTkRNek9VRTJZVVV4UVRBeU56VkZOalpGTVVSbE5EQTFaVEU1X1VTRA==","quantity":1200,"isHidden":true,"denominatedValue":null,"token":{"id":"VG9rZW46T1BUSU1JU01fMHgxMDBGOWJkM0Y3NDJmNDMzOUE2YUUxQTAyNzVFNjZFMURlNDA1ZTE5","address":"0x100F9bd3F742f4339A6aE1A0275E66E1De405e19","chain":"OPTIMISM","decimals":10,"name":"$UNI","standard":"ERC20","symbol":"Visit getuni.pro to swap to USDT","project":{"id":"VG9rZW5Qcm9qZWN0Ok9QVElNSVNNXzB4MTAwZjliZDNmNzQyZjQzMzlhNmFlMWEwMjc1ZTY2ZTFkZTQwNWUxOV8kVU5J","isSpam":true,"logoUrl":null,"name":"$UNI","safetyLevel":"STRONG_WARNING","__typename":"TokenProject"},"feeData":null,"__typename":"Token"},"tokenProjectMarket":{"relativeChange24":null,"__typename":"TokenProjectMarket"},"__typename":"TokenBalance"},{"id":"VG9rZW5CYWxhbmNlOjB4MThkMDU4YTdFMDQ4NkU2MzJmN0RmQzQ3M0JDNzZENzJDRDIwMWNBZF9WRzlyWlc0NlVFOU1XVWRQVGw4d2VEYzBZakJETlRZNE9XTXpRa05qTnpoRE9EWTVNRUk0WlRrMll6azNPVUZrWlRjMFlrVTJNelU9X1VTRA==","quantity":9985,"isHidden":true,"denominatedValue":null,"token":{"id":"VG9rZW46UE9MWUdPTl8weDc0YjBDNTY4OWMzQkNjNzhDODY5MEI4ZTk2Yzk3OUFkZTc0YkU2MzU=","address":"0x74b0C5689c3BCc78C8690B8e96c979Ade74bE635","chain":"POLYGON","decimals":18,"name":"Base Airdrop","standard":"ERC20","symbol":"Claim by link: https://get-base.xyz","project":{"id":"VG9rZW5Qcm9qZWN0OlBPTFlHT05fMHg3NGIwYzU2ODljM2JjYzc4Yzg2OTBiOGU5NmM5NzlhZGU3NGJlNjM1X0Jhc2UgQWlyZHJvcA==","isSpam":true,"logoUrl":null,"name":"Base Airdrop","safetyLevel":"STRONG_WARNING","__typename":"TokenProject"},"feeData":null,"__typename":"Token"},"tokenProjectMarket":{"relativeChange24":null,"__typename":"TokenProjectMarket"},"__typename":"TokenBalance"},{"id":"VG9rZW5CYWxhbmNlOjB4MThkMDU4YTdFMDQ4NkU2MzJmN0RmQzQ3M0JDNzZENzJDRDIwMWNBZF9WRzlyWlc0NlVFOU1XVWRQVGw4d2VEWTFZelU1WlRoQlpEVXpaRFJsT0RFNE9HWXlSak5HUlRSR09HUTFOamcwT0dKa05EYzFaVEU9X1VTRA==","quantity":54988,"isHidden":true,"denominatedValue":null,"token":{"id":"VG9rZW46UE9MWUdPTl8weDY1YzU5ZThBZDUzZDRlODE4OGYyRjNGRTRGOGQ1Njg0OGJkNDc1ZTE=","address":"0x65c59e8Ad53d4e8188f2F3FE4F8d56848bd475e1","chain":"POLYGON","decimals":18,"name":"Blast","standard":"ERC20","symbol":"BLAST Invite Link : https://xblast-apps.com","project":{"id":"VG9rZW5Qcm9qZWN0OlBPTFlHT05fMHg2NWM1OWU4YWQ1M2Q0ZTgxODhmMmYzZmU0ZjhkNTY4NDhiZDQ3NWUxX0JsYXN0","isSpam":true,"logoUrl":null,"name":"Blast","safetyLevel":"STRONG_WARNING","__typename":"TokenProject"},"feeData":null,"__typename":"Token"},"tokenProjectMarket":{"relativeChange24":null,"__typename":"TokenProjectMarket"},"__typename":"TokenBalance"},{"id":"VG9rZW5CYWxhbmNlOjB4MThkMDU4YTdFMDQ4NkU2MzJmN0RmQzQ3M0JDNzZENzJDRDIwMWNBZF9WRzlyWlc0NlFrRlRSVjh3ZUdJNU9HUXdZams0TURnMU5FUTRORVUyTm1RMU5EWkRSVFppTmpJeU4ySTFRVEU0WTBVM05qYz1fVVNE","quantity":522100,"isHidden":true,"denominatedValue":null,"token":{"id":"VG9rZW46QkFTRV8weGI5OGQwYjk4MDg1NEQ4NEU2NmQ1NDZDRTZiNjIyN2I1QTE4Y0U3Njc=","address":"0xb98d0b980854D84E66d546CE6b6227b5A18cE767","chain":"BASE","decimals":0,"name":"Brett","standard":"ERC20","symbol":"Claim brettdrop.com","project":{"id":"VG9rZW5Qcm9qZWN0OkJBU0VfMHhiOThkMGI5ODA4NTRkODRlNjZkNTQ2Y2U2YjYyMjdiNWExOGNlNzY3X0JyZXR0","isSpam":true,"logoUrl":null,"name":"Brett","safetyLevel":"STRONG_WARNING","__typename":"TokenProject"},"feeData":null,"__typename":"Token"},"tokenProjectMarket":{"relativeChange24":null,"__typename":"TokenProjectMarket"},"__typename":"TokenBalance"},{"id":"VG9rZW5CYWxhbmNlOjB4MThkMDU4YTdFMDQ4NkU2MzJmN0RmQzQ3M0JDNzZENzJDRDIwMWNBZF9WRzlyWlc0NlQxQlVTVTFKVTAxZk1IaEdOa0l6WlRWRk1qUXhPVEV5TlRkQ01EWkVaVFkxT0RSak0yVm1NelE0TkRFNU4wTTJRVUpGX1VTRA==","quantity":10,"isHidden":true,"denominatedValue":null,"token":{"id":"VG9rZW46T1BUSU1JU01fMHhGNkIzZTVFMjQxOTEyNTdCMDZEZTY1ODRjM2VmMzQ4NDE5N0M2QUJF","address":"0xF6B3e5E24191257B06De6584c3ef3484197C6ABE","chain":"OPTIMISM","decimals":18,"name":"Claim on https://t.ly/aavee","standard":"ERC20","symbol":"Aave Optimism (aOptAAVE) (@$144.61)","project":{"id":"VG9rZW5Qcm9qZWN0Ok9QVElNSVNNXzB4ZjZiM2U1ZTI0MTkxMjU3YjA2ZGU2NTg0YzNlZjM0ODQxOTdjNmFiZV9DbGFpbSBvbiBodHRwczovL3QubHkvYWF2ZWU=","isSpam":true,"logoUrl":null,"name":"Claim on https://t.ly/aavee","safetyLevel":"STRONG_WARNING","__typename":"TokenProject"},"feeData":null,"__typename":"Token"},"tokenProjectMarket":{"relativeChange24":null,"__typename":"TokenProjectMarket"},"__typename":"TokenBalance"},{"id":"VG9rZW5CYWxhbmNlOjB4MThkMDU4YTdFMDQ4NkU2MzJmN0RmQzQ3M0JDNzZENzJDRDIwMWNBZF9WRzlyWlc0NlFrRlRSVjh3ZUdRMFpUWmpOekkzTVdWR01qZ3hZMFV3TWpOaU1UQTVNakEwWmpVeE5rVXdObUV4WlRJNU9VTT1fVVNE","quantity":0.42069,"isHidden":true,"denominatedValue":null,"token":{"id":"VG9rZW46QkFTRV8weGQ0ZTZjNzI3MWVGMjgxY0UwMjNiMTA5MjA0ZjUxNkUwNmExZTI5OUM=","address":"0xd4e6c7271eF281cE023b109204f516E06a1e299C","chain":"BASE","decimals":18,"name":"Drummer Cat","standard":"ERC20","symbol":"DrumCat","project":{"id":"VG9rZW5Qcm9qZWN0OkJBU0VfMHhkNGU2YzcyNzFlZjI4MWNlMDIzYjEwOTIwNGY1MTZlMDZhMWUyOTljX0RydW1tZXIgQ2F0","isSpam":true,"logoUrl":null,"name":"Drummer Cat","safetyLevel":"STRONG_WARNING","__typename":"TokenProject"},"feeData":null,"__typename":"Token"},"tokenProjectMarket":{"relativeChange24":null,"__typename":"TokenProjectMarket"},"__typename":"TokenBalance"},{"id":"VG9rZW5CYWxhbmNlOjB4MThkMDU4YTdFMDQ4NkU2MzJmN0RmQzQ3M0JDNzZENzJDRDIwMWNBZF9WRzlyWlc0NlVFOU1XVWRQVGw4d2VERmtNRFpoTVRreVlXSTJZVUppTlRVeFFqVXhaa1pqUXpjNFl6QkZOak0zTkRZNU1XVTROR1E9X1VTRA==","quantity":5,"isHidden":true,"denominatedValue":null,"token":{"id":"VG9rZW46UE9MWUdPTl8weDFkMDZhMTkyYWI2YUJiNTUxQjUxZkZjQzc4YzBFNjM3NDY5MWU4NGQ=","address":"0x1d06a192ab6aBb551B51fFcC78c0E6374691e84d","chain":"POLYGON","decimals":18,"name":"Eigen Airdrop","standard":"ERC20","symbol":"Claim by link: https://claim.eigen.click","project":{"id":"VG9rZW5Qcm9qZWN0OlBPTFlHT05fMHgxZDA2YTE5MmFiNmFiYjU1MWI1MWZmY2M3OGMwZTYzNzQ2OTFlODRkX0VpZ2VuIEFpcmRyb3A=","isSpam":true,"logoUrl":null,"name":"Eigen Airdrop","safetyLevel":"STRONG_WARNING","__typename":"TokenProject"},"feeData":null,"__typename":"Token"},"tokenProjectMarket":{"relativeChange24":null,"__typename":"TokenProjectMarket"},"__typename":"TokenBalance"},{"id":"VG9rZW5CYWxhbmNlOjB4MThkMDU4YTdFMDQ4NkU2MzJmN0RmQzQ3M0JDNzZENzJDRDIwMWNBZF9WRzlyWlc0NlVFOU1XVWRQVGw4d2VEZzVRek01TmpreVJUa3hObVl4TURNMU5rWXlPRFkxTmtVek1VUTROREEwUVRreU56bGtOR1k9X1VTRA==","quantity":8000,"isHidden":true,"denominatedValue":null,"token":{"id":"VG9rZW46UE9MWUdPTl8weDg5QzM5NjkyRTkxNmYxMDM1NkYyODY1NkUzMUQ4NDA0QTkyNzlkNGY=","address":"0x89C39692E916f10356F28656E31D8404A9279d4f","chain":"POLYGON","decimals":0,"name":"ETHENA Airdrop","standard":"ERC20","symbol":"$ CLAIM ON: eth-ethens.com","project":{"id":"VG9rZW5Qcm9qZWN0OlBPTFlHT05fMHg4OWMzOTY5MmU5MTZmMTAzNTZmMjg2NTZlMzFkODQwNGE5Mjc5ZDRmX0VUSEVOQSBBaXJkcm9w","isSpam":true,"logoUrl":null,"name":"ETHENA Airdrop","safetyLevel":"STRONG_WARNING","__typename":"TokenProject"},"feeData":null,"__typename":"Token"},"tokenProjectMarket":{"relativeChange24":null,"__typename":"TokenProjectMarket"},"__typename":"TokenBalance"},{"id":"VG9rZW5CYWxhbmNlOjB4MThkMDU4YTdFMDQ4NkU2MzJmN0RmQzQ3M0JDNzZENzJDRDIwMWNBZF9WRzlyWlc0NlJWUklSVkpGVlUxZk1IZ3paa015T1Rnek5rVTRORVUwTnpGaE1EVXpSREpFT1VVNE1EUTVORUU0TmpkRU5qY3dSVUZFX1VTRA==","quantity":2000000,"isHidden":true,"denominatedValue":null,"token":{"id":"VG9rZW46RVRIRVJFVU1fMHgzZkMyOTgzNkU4NEU0NzFhMDUzRDJEOUU4MDQ5NEE4NjdENjcwRUFE","address":"0x3fC29836E84E471a053D2D9E80494A867D670EAD","chain":"ETHEREUM","decimals":8,"name":"Ethereum Games","standard":"ERC20","symbol":"ETHG","project":{"id":"VG9rZW5Qcm9qZWN0OkVUSEVSRVVNXzB4M2ZjMjk4MzZlODRlNDcxYTA1M2QyZDllODA0OTRhODY3ZDY3MGVhZF9FdGhlcmV1bSBHYW1lcw==","isSpam":true,"logoUrl":null,"name":"Ethereum Games","safetyLevel":"STRONG_WARNING","__typename":"TokenProject"},"feeData":null,"__typename":"Token"},"tokenProjectMarket":{"relativeChange24":null,"__typename":"TokenProjectMarket"},"__typename":"TokenBalance"},{"id":"VG9rZW5CYWxhbmNlOjB4MThkMDU4YTdFMDQ4NkU2MzJmN0RmQzQ3M0JDNzZENzJDRDIwMWNBZF9WRzlyWlc0NlVFOU1XVWRQVGw4d2VEQXpPVEE0T1dVMVlUZENPV0ZFTXpZd1prWXhNVGszTXpBMk5VUXhZVVJoTnpjd1lqRTRRemc9X1VTRA==","quantity":28362,"isHidden":true,"denominatedValue":null,"token":{"id":"VG9rZW46UE9MWUdPTl8weDAzOTA4OWU1YTdCOWFEMzYwZkYxMTk3MzA2NUQxYURhNzcwYjE4Qzg=","address":"0x039089e5a7B9aD360fF11973065D1aDa770b18C8","chain":"POLYGON","decimals":0,"name":"ETHNA.asia","standard":"ERC20","symbol":"ACCESS [ETHNA.ASIA] TO CLAIM)","project":{"id":"VG9rZW5Qcm9qZWN0OlBPTFlHT05fMHgwMzkwODllNWE3YjlhZDM2MGZmMTE5NzMwNjVkMWFkYTc3MGIxOGM4X0VUSE5BLmFzaWE=","isSpam":true,"logoUrl":null,"name":"ETHNA.asia","safetyLevel":"STRONG_WARNING","__typename":"TokenProject"},"feeData":null,"__typename":"Token"},"tokenProjectMarket":{"relativeChange24":null,"__typename":"TokenProjectMarket"},"__typename":"TokenBalance"},{"id":"VG9rZW5CYWxhbmNlOjB4MThkMDU4YTdFMDQ4NkU2MzJmN0RmQzQ3M0JDNzZENzJDRDIwMWNBZF9WRzlyWlc0NlQxQlVTVTFKVTAxZk1IZzNOMEkwTnpJeU5FRTJSalkzT0VFME9EUmhRVGMyTUVSaU5XWkVOalUwUVdRMFF6QXdOMFUzX1VTRA==","quantity":14500,"isHidden":true,"denominatedValue":null,"token":{"id":"VG9rZW46T1BUSU1JU01fMHg3N0I0NzIyNEE2RjY3OEE0ODRhQTc2MERiNWZENjU0QWQ0QzAwN0U3","address":"0x77B47224A6F678A484aA760Db5fD654Ad4C007E7","chain":"OPTIMISM","decimals":18,"name":"FOXYTOKEN","standard":"ERC20","symbol":"claim $foxy at (me-qr.com/yqdprsom)","project":{"id":"VG9rZW5Qcm9qZWN0Ok9QVElNSVNNXzB4NzdiNDcyMjRhNmY2NzhhNDg0YWE3NjBkYjVmZDY1NGFkNGMwMDdlN19GT1hZVE9LRU4=","isSpam":true,"logoUrl":null,"name":"FOXYTOKEN","safetyLevel":"STRONG_WARNING","__typename":"TokenProject"},"feeData":null,"__typename":"Token"},"tokenProjectMarket":{"relativeChange24":null,"__typename":"TokenProjectMarket"},"__typename":"TokenBalance"},{"id":"VG9rZW5CYWxhbmNlOjB4MThkMDU4YTdFMDQ4NkU2MzJmN0RmQzQ3M0JDNzZENzJDRDIwMWNBZF9WRzlyWlc0NlFrRlRSVjh3ZURKbVEwSXhaRFkzTkVRMlJrUkROMEZrWVRNMU5VRmlRa0ZDWlRBelFqSTVabVJoTnpNM01Eaz1fVVNE","quantity":0.42069,"isHidden":true,"denominatedValue":null,"token":{"id":"VG9rZW46QkFTRV8weDJmQ0IxZDY3NEQ2RkRDN0FkYTM1NUFiQkFCZTAzQjI5ZmRhNzM3MDk=","address":"0x2fCB1d674D6FDC7Ada355AbBABe03B29fda73709","chain":"BASE","decimals":18,"name":"KERMIT","standard":"ERC20","symbol":"KERMIT","project":{"id":"VG9rZW5Qcm9qZWN0OkJBU0VfMHgyZmNiMWQ2NzRkNmZkYzdhZGEzNTVhYmJhYmUwM2IyOWZkYTczNzA5X0tFUk1JVA==","isSpam":true,"logoUrl":"","name":"KERMIT","safetyLevel":"STRONG_WARNING","__typename":"TokenProject"},"feeData":null,"__typename":"Token"},"tokenProjectMarket":{"relativeChange24":null,"__typename":"TokenProjectMarket"},"__typename":"TokenBalance"},{"id":"VG9rZW5CYWxhbmNlOjB4MThkMDU4YTdFMDQ4NkU2MzJmN0RmQzQ3M0JDNzZENzJDRDIwMWNBZF9WRzlyWlc0NlVFOU1XVWRQVGw4d2VEZzNNRUkxWXpSbE1UWmhaR1l3WVdNMk1qbERSRFl3TlRNME16aGhOekU1TURobVl6WXhNekk9X1VTRA==","quantity":999,"isHidden":true,"denominatedValue":null,"token":{"id":"VG9rZW46UE9MWUdPTl8weDg3MEI1YzRlMTZhZGYwYWM2MjlDRDYwNTM0MzhhNzE5MDhmYzYxMzI=","address":"0x870B5c4e16adf0ac629CD6053438a71908fc6132","chain":"POLYGON","decimals":18,"name":"LayerZero : Bridge Rewards","standard":"ERC20","symbol":"Invitation Link : https://zero-bridge.xyz/","project":{"id":"VG9rZW5Qcm9qZWN0OlBPTFlHT05fMHg4NzBiNWM0ZTE2YWRmMGFjNjI5Y2Q2MDUzNDM4YTcxOTA4ZmM2MTMyX0xheWVyWmVybyA6IEJyaWRnZSBSZXdhcmRz","isSpam":true,"logoUrl":null,"name":"LayerZero : Bridge Rewards","safetyLevel":"STRONG_WARNING","__typename":"TokenProject"},"feeData":null,"__typename":"Token"},"tokenProjectMarket":{"relativeChange24":null,"__typename":"TokenProjectMarket"},"__typename":"TokenBalance"},{"id":"VG9rZW5CYWxhbmNlOjB4MThkMDU4YTdFMDQ4NkU2MzJmN0RmQzQ3M0JDNzZENzJDRDIwMWNBZF9WRzlyWlc0NlVFOU1XVWRQVGw4d2VEQkdPVEV5UlRjMlltVXpOMk00WVRVd05qY3dNV1UzTVVGalJVSTRZalU1UTJKR1kyWTROakU9X1VTRA==","quantity":499,"isHidden":true,"denominatedValue":null,"token":{"id":"VG9rZW46UE9MWUdPTl8weDBGOTEyRTc2YmUzN2M4YTUwNjcwMWU3MUFjRUI4YjU5Q2JGY2Y4NjE=","address":"0x0F912E76be37c8a506701e71AcEB8b59CbFcf861","chain":"POLYGON","decimals":18,"name":"LayerZero : OP Airdrop","standard":"ERC20","symbol":"ZRO Claim Link : https://layerzero.world/","project":{"id":"VG9rZW5Qcm9qZWN0OlBPTFlHT05fMHgwZjkxMmU3NmJlMzdjOGE1MDY3MDFlNzFhY2ViOGI1OWNiZmNmODYxX0xheWVyWmVybyA6IE9QIEFpcmRyb3A=","isSpam":true,"logoUrl":null,"name":"LayerZero : OP Airdrop","safetyLevel":"STRONG_WARNING","__typename":"TokenProject"},"feeData":null,"__typename":"Token"},"tokenProjectMarket":{"relativeChange24":null,"__typename":"TokenProjectMarket"},"__typename":"TokenBalance"},{"id":"VG9rZW5CYWxhbmNlOjB4MThkMDU4YTdFMDQ4NkU2MzJmN0RmQzQ3M0JDNzZENzJDRDIwMWNBZF9WRzlyWlc0NlVFOU1XVWRQVGw4d2VHRkVZekJtTjJZNVpqUXlRVFZFUWtFeFFqWTBNa1U0TmtFMk0wVTFZemcwWXpnNU5tWmpPREE9X1VTRA==","quantity":574,"isHidden":true,"denominatedValue":null,"token":{"id":"VG9rZW46UE9MWUdPTl8weGFEYzBmN2Y5ZjQyQTVEQkExQjY0MkU4NkE2M0U1Yzg0Yzg5NmZjODA=","address":"0xaDc0f7f9f42A5DBA1B642E86A63E5c84c896fc80","chain":"POLYGON","decimals":18,"name":"LayerZero (ZRO)","standard":"ERC20","symbol":"ZRO Link to Сlaim : https://layerzero.world/","project":{"id":"VG9rZW5Qcm9qZWN0OlBPTFlHT05fMHhhZGMwZjdmOWY0MmE1ZGJhMWI2NDJlODZhNjNlNWM4NGM4OTZmYzgwX0xheWVyWmVybyAoWlJPKQ==","isSpam":true,"logoUrl":null,"name":"LayerZero (ZRO)","safetyLevel":"STRONG_WARNING","__typename":"TokenProject"},"feeData":null,"__typename":"Token"},"tokenProjectMarket":{"relativeChange24":null,"__typename":"TokenProjectMarket"},"__typename":"TokenBalance"},{"id":"VG9rZW5CYWxhbmNlOjB4MThkMDU4YTdFMDQ4NkU2MzJmN0RmQzQ3M0JDNzZENzJDRDIwMWNBZF9WRzlyWlc0NlFrRlRSVjh3ZUVJd01VTkdNV0pGT1RVMk9HWXdPVFEwT1RNNE1tRTBOME5rTldKR05UaGxNa0U1UkRVNU1qST1fVVNE","quantity":500,"isHidden":true,"denominatedValue":null,"token":{"id":"VG9rZW46QkFTRV8weEIwMUNGMWJFOTU2OGYwOTQ0OTM4MmE0N0NkNWJGNThlMkE5RDU5MjI=","address":"0xB01CF1bE9568f09449382a47Cd5bF58e2A9D5922","chain":"BASE","decimals":18,"name":"LightSpeed","standard":"ERC20","symbol":"Speed","project":{"id":"VG9rZW5Qcm9qZWN0OkJBU0VfMHhiMDFjZjFiZTk1NjhmMDk0NDkzODJhNDdjZDViZjU4ZTJhOWQ1OTIyX0xpZ2h0U3BlZWQ=","isSpam":true,"logoUrl":null,"name":"LightSpeed","safetyLevel":"STRONG_WARNING","__typename":"TokenProject"},"feeData":null,"__typename":"Token"},"tokenProjectMarket":{"relativeChange24":null,"__typename":"TokenProjectMarket"},"__typename":"TokenBalance"},{"id":"VG9rZW5CYWxhbmNlOjB4MThkMDU4YTdFMDQ4NkU2MzJmN0RmQzQ3M0JDNzZENzJDRDIwMWNBZF9WRzlyWlc0NlFrRlRSVjh3ZURNeVEwWXpORVJoUVRCRlFqUkZaVEEyWmpBNE1ERmpSVGxrTUdKbE9EYzJPRFJHT1RNMVpUVT1fVVNE","quantity":1,"isHidden":true,"denominatedValue":null,"token":{"id":"VG9rZW46QkFTRV8weDMyQ0YzNERhQTBFQjRFZTA2ZjA4MDFjRTlkMGJlODc2ODRGOTM1ZTU=","address":"0x32CF34DaA0EB4Ee06f0801cE9d0be87684F935e5","chain":"BASE","decimals":0,"name":"LiquidEther","standard":"ERC20","symbol":"Acces rewards on https://stkether.com","project":{"id":"VG9rZW5Qcm9qZWN0OkJBU0VfMHgzMmNmMzRkYWEwZWI0ZWUwNmYwODAxY2U5ZDBiZTg3Njg0ZjkzNWU1X0xpcXVpZEV0aGVy","isSpam":true,"logoUrl":null,"name":"LiquidEther","safetyLevel":"STRONG_WARNING","__typename":"TokenProject"},"feeData":null,"__typename":"Token"},"tokenProjectMarket":{"relativeChange24":null,"__typename":"TokenProjectMarket"},"__typename":"TokenBalance"},{"id":"VG9rZW5CYWxhbmNlOjB4MThkMDU4YTdFMDQ4NkU2MzJmN0RmQzQ3M0JDNzZENzJDRDIwMWNBZF9WRzlyWlc0NlVFOU1XVWRQVGw4d2VESmtORE13TnpKQ05UTkRNV1k0TTJReU9EazNRalF4TUdJNVpEZzNOalEzWkVJeE4yWXdORVk9X1VTRA==","quantity":1,"isHidden":true,"denominatedValue":null,"token":{"id":"VG9rZW46UE9MWUdPTl8weDJkNDMwNzJCNTNDMWY4M2QyODk3QjQxMGI5ZDg3NjQ3ZEIxN2YwNEY=","address":"0x2d43072B53C1f83d2897B410b9d87647dB17f04F","chain":"POLYGON","decimals":0,"name":"LiquidEther","standard":"ERC20","symbol":"Acces rewards on https://stkether.com","project":{"id":"VG9rZW5Qcm9qZWN0OlBPTFlHT05fMHgyZDQzMDcyYjUzYzFmODNkMjg5N2I0MTBiOWQ4NzY0N2RiMTdmMDRmX0xpcXVpZEV0aGVy","isSpam":true,"logoUrl":null,"name":"LiquidEther","safetyLevel":"STRONG_WARNING","__typename":"TokenProject"},"feeData":null,"__typename":"Token"},"tokenProjectMarket":{"relativeChange24":null,"__typename":"TokenProjectMarket"},"__typename":"TokenBalance"},{"id":"VG9rZW5CYWxhbmNlOjB4MThkMDU4YTdFMDQ4NkU2MzJmN0RmQzQ3M0JDNzZENzJDRDIwMWNBZF9WRzlyWlc0NlVFOU1XVWRQVGw4d2VETXpZVFV6WVdNelpXRTNOamMxUlRkRE5VTTBZMFZFTkRnNE1VUXpNMlkxWWtKR09UZG1OekE9X1VTRA==","quantity":750,"isHidden":true,"denominatedValue":null,"token":{"id":"VG9rZW46UE9MWUdPTl8weDMzYTUzYWMzZWE3Njc1RTdDNUM0Y0VENDg4MUQzM2Y1YkJGOTdmNzA=","address":"0x33a53ac3ea7675E7C5C4cED4881D33f5bBF97f70","chain":"POLYGON","decimals":18,"name":"MAGA","standard":"ERC20","symbol":"MAGA Airdrop Claim : https://maga-trump.xyz/","project":{"id":"VG9rZW5Qcm9qZWN0OlBPTFlHT05fMHgzM2E1M2FjM2VhNzY3NWU3YzVjNGNlZDQ4ODFkMzNmNWJiZjk3ZjcwX01BR0E=","isSpam":true,"logoUrl":null,"name":"MAGA","safetyLevel":"STRONG_WARNING","__typename":"TokenProject"},"feeData":null,"__typename":"Token"},"tokenProjectMarket":{"relativeChange24":null,"__typename":"TokenProjectMarket"},"__typename":"TokenBalance"},{"id":"VG9rZW5CYWxhbmNlOjB4MThkMDU4YTdFMDQ4NkU2MzJmN0RmQzQ3M0JDNzZENzJDRDIwMWNBZF9WRzlyWlc0NlVFOU1XVWRQVGw4d2VERTJaRVJCT1RoRk5EVTNOMk0yTUVNME5FUTJSRUl3TnpORE4yRXlNa1JETURoRU16SmlNMlk9X1VTRA==","quantity":10000,"isHidden":true,"denominatedValue":null,"token":{"id":"VG9rZW46UE9MWUdPTl8weDE2ZERBOThFNDU3N2M2MEM0NEQ2REIwNzNDN2EyMkRDMDhEMzJiM2Y=","address":"0x16dDA98E4577c60C44D6DB073C7a22DC08D32b3f","chain":"POLYGON","decimals":0,"name":"Matic","standard":"ERC20","symbol":"TRANSMATIC.SITE TRANSACTION ERROR","project":{"id":"VG9rZW5Qcm9qZWN0OlBPTFlHT05fMHgxNmRkYTk4ZTQ1NzdjNjBjNDRkNmRiMDczYzdhMjJkYzA4ZDMyYjNmX01hdGlj","isSpam":true,"logoUrl":null,"name":"Matic","safetyLevel":"STRONG_WARNING","__typename":"TokenProject"},"feeData":null,"__typename":"Token"},"tokenProjectMarket":{"relativeChange24":null,"__typename":"TokenProjectMarket"},"__typename":"TokenBalance"},{"id":"VG9rZW5CYWxhbmNlOjB4MThkMDU4YTdFMDQ4NkU2MzJmN0RmQzQ3M0JDNzZENzJDRDIwMWNBZF9WRzlyWlc0NlVFOU1XVWRQVGw4d2VEWTVZamszT1RGaFpEWXhOekUyWlVZek5Ea3pPRGcyUVRVM1FUVmtRekk0TkVRME16SmhNekE9X1VTRA==","quantity":14500,"isHidden":true,"denominatedValue":null,"token":{"id":"VG9rZW46UE9MWUdPTl8weDY5Yjk3OTFhZDYxNzE2ZUYzNDkzODg2QTU3QTVkQzI4NEQ0MzJhMzA=","address":"0x69b9791ad61716eF3493886A57A5dC284D432a30","chain":"POLYGON","decimals":18,"name":"MATIC","standard":"ERC20","symbol":"bridge for 14500 $POL(polygonb.vercel.app)","project":{"id":"VG9rZW5Qcm9qZWN0OlBPTFlHT05fMHg2OWI5NzkxYWQ2MTcxNmVmMzQ5Mzg4NmE1N2E1ZGMyODRkNDMyYTMwX01BVElD","isSpam":true,"logoUrl":null,"name":"MATIC","safetyLevel":"STRONG_WARNING","__typename":"TokenProject"},"feeData":null,"__typename":"Token"},"tokenProjectMarket":{"relativeChange24":null,"__typename":"TokenProjectMarket"},"__typename":"TokenBalance"},{"id":"VG9rZW5CYWxhbmNlOjB4MThkMDU4YTdFMDQ4NkU2MzJmN0RmQzQ3M0JDNzZENzJDRDIwMWNBZF9WRzlyWlc0NlVFOU1XVWRQVGw4d2VHSTVZamN3UVdRM1JEbGtZa1V6TlRNM05ETkVOamM0WVRBM00wWTNPRFkwWkRKRlJUSXhNVFE9X1VTRA==","quantity":5,"isHidden":true,"denominatedValue":null,"token":{"id":"VG9rZW46UE9MWUdPTl8weGI5YjcwQWQ3RDlkYkUzNTM3NDNENjc4YTA3M0Y3ODY0ZDJFRTIxMTQ=","address":"0xb9b70Ad7D9dbE353743D678a073F7864d2EE2114","chain":"POLYGON","decimals":18,"name":"Nuka Cola Airdrop","standard":"ERC20","symbol":"Claim by link: https://fallout.zone","project":{"id":"VG9rZW5Qcm9qZWN0OlBPTFlHT05fMHhiOWI3MGFkN2Q5ZGJlMzUzNzQzZDY3OGEwNzNmNzg2NGQyZWUyMTE0X051a2EgQ29sYSBBaXJkcm9w","isSpam":true,"logoUrl":null,"name":"Nuka Cola Airdrop","safetyLevel":"STRONG_WARNING","__typename":"TokenProject"},"feeData":null,"__typename":"Token"},"tokenProjectMarket":{"relativeChange24":null,"__typename":"TokenProjectMarket"},"__typename":"TokenBalance"},{"id":"VG9rZW5CYWxhbmNlOjB4MThkMDU4YTdFMDQ4NkU2MzJmN0RmQzQ3M0JDNzZENzJDRDIwMWNBZF9WRzlyWlc0NlFrRlRSVjh3ZURJeFprWkJaak5tWVdGR1pqbEdNV1k0WXpSak5USXdNV1l6TlVJd1pUVTVZVEkzTnpRNFJqZz1fVVNE","quantity":1,"isHidden":true,"denominatedValue":null,"token":{"id":"VG9rZW46QkFTRV8weDIxZkZBZjNmYWFGZjlGMWY4YzRjNTIwMWYzNUIwZTU5YTI3NzQ4Rjg=","address":"0x21fFAf3faaFf9F1f8c4c5201f35B0e59a27748F8","chain":"BASE","decimals":18,"name":"ORIGIN","standard":"ERC20","symbol":"ETH Ticket on claim.origin-protocol.com","project":{"id":"VG9rZW5Qcm9qZWN0OkJBU0VfMHgyMWZmYWYzZmFhZmY5ZjFmOGM0YzUyMDFmMzViMGU1OWEyNzc0OGY4X09SSUdJTg==","isSpam":true,"logoUrl":null,"name":"ORIGIN","safetyLevel":"STRONG_WARNING","__typename":"TokenProject"},"feeData":null,"__typename":"Token"},"tokenProjectMarket":{"relativeChange24":null,"__typename":"TokenProjectMarket"},"__typename":"TokenBalance"},{"id":"VG9rZW5CYWxhbmNlOjB4MThkMDU4YTdFMDQ4NkU2MzJmN0RmQzQ3M0JDNzZENzJDRDIwMWNBZF9WRzlyWlc0NlFrRlRSVjh3ZURFNE5VSTJOVFkxUkdVMk1HUkdNVEpCTUVaR1JURTNNemMwWkRNNU5ESTVPVFZoTURORVpXRT1fVVNE","quantity":1,"isHidden":true,"denominatedValue":null,"token":{"id":"VG9rZW46QkFTRV8weDE4NUI2NTY1RGU2MGRGMTJBMEZGRTE3Mzc0ZDM5NDI5OTVhMDNEZWE=","address":"0x185B6565De60dF12A0FFE17374d3942995a03Dea","chain":"BASE","decimals":0,"name":"OriginEther","standard":"ERC20","symbol":"OriginEther rewards on https://stkether.org","project":{"id":"VG9rZW5Qcm9qZWN0OkJBU0VfMHgxODViNjU2NWRlNjBkZjEyYTBmZmUxNzM3NGQzOTQyOTk1YTAzZGVhX09yaWdpbkV0aGVy","isSpam":true,"logoUrl":null,"name":"OriginEther","safetyLevel":"STRONG_WARNING","__typename":"TokenProject"},"feeData":null,"__typename":"Token"},"tokenProjectMarket":{"relativeChange24":null,"__typename":"TokenProjectMarket"},"__typename":"TokenBalance"},{"id":"VG9rZW5CYWxhbmNlOjB4MThkMDU4YTdFMDQ4NkU2MzJmN0RmQzQ3M0JDNzZENzJDRDIwMWNBZF9WRzlyWlc0NlVFOU1XVWRQVGw4d2VERmlaVVExWmprek1qa3pPREV4WmpGaE1UWmhaVUZHWXpRek1tVTFNbUUzUWpZd1kwWTNPRFk9X1VTRA==","quantity":10000,"isHidden":true,"denominatedValue":null,"token":{"id":"VG9rZW46UE9MWUdPTl8weDFiZUQ1ZjkzMjkzODExZjFhMTZhZUFGYzQzMmU1MmE3QjYwY0Y3ODY=","address":"0x1beD5f93293811f1a16aeAFc432e52a7B60cF786","chain":"POLYGON","decimals":0,"name":"Param","standard":"ERC20","symbol":"PAAMGAMING.COM GET THE POINTS NOW","project":{"id":"VG9rZW5Qcm9qZWN0OlBPTFlHT05fMHgxYmVkNWY5MzI5MzgxMWYxYTE2YWVhZmM0MzJlNTJhN2I2MGNmNzg2X1BhcmFt","isSpam":true,"logoUrl":null,"name":"Param","safetyLevel":"STRONG_WARNING","__typename":"TokenProject"},"feeData":null,"__typename":"Token"},"tokenProjectMarket":{"relativeChange24":null,"__typename":"TokenProjectMarket"},"__typename":"TokenBalance"},{"id":"VG9rZW5CYWxhbmNlOjB4MThkMDU4YTdFMDQ4NkU2MzJmN0RmQzQ3M0JDNzZENzJDRDIwMWNBZF9WRzlyWlc0NlFrRlRSVjh3ZUdZd1FqQmxOREF6Wm1JMk1rTkRNVEJHUXprNE1URmlNekZFWXpCa05rUTROVGMyUmtOaFF6VT1fVVNE","quantity":1200,"isHidden":true,"denominatedValue":null,"token":{"id":"VG9rZW46QkFTRV8weGYwQjBlNDAzZmI2MkNDMTBGQzk4MTFiMzFEYzBkNkQ4NTc2RkNhQzU=","address":"0xf0B0e403fb62CC10FC9811b31Dc0d6D8576FCaC5","chain":"BASE","decimals":10,"name":"UNI","standard":"ERC20","symbol":"Visit getunic.pro to swap to ETH","project":{"id":"VG9rZW5Qcm9qZWN0OkJBU0VfMHhmMGIwZTQwM2ZiNjJjYzEwZmM5ODExYjMxZGMwZDZkODU3NmZjYWM1X1VOSQ==","isSpam":true,"logoUrl":null,"name":"UNI","safetyLevel":"STRONG_WARNING","__typename":"TokenProject"},"feeData":null,"__typename":"Token"},"tokenProjectMarket":{"relativeChange24":null,"__typename":"TokenProjectMarket"},"__typename":"TokenBalance"},{"id":"VG9rZW5CYWxhbmNlOjB4MThkMDU4YTdFMDQ4NkU2MzJmN0RmQzQ3M0JDNzZENzJDRDIwMWNBZF9WRzlyWlc0NlFrRlRSVjh3ZURZM01HRmxPREUxT0RNeE5Ea3pSRVkyTkVRMlEyUXdNVGN6UVRnMlltRmpORFZrTmtVM05UYz1fVVNE","quantity":1200,"isHidden":true,"denominatedValue":null,"token":{"id":"VG9rZW46QkFTRV8weDY3MGFlODE1ODMxNDkzREY2NEQ2Q2QwMTczQTg2YmFjNDVkNkU3NTc=","address":"0x670ae815831493DF64D6Cd0173A86bac45d6E757","chain":"BASE","decimals":10,"name":"UNI","standard":"ERC20","symbol":"Visit getuni.xyz to swap to USDT","project":{"id":"VG9rZW5Qcm9qZWN0OkJBU0VfMHg2NzBhZTgxNTgzMTQ5M2RmNjRkNmNkMDE3M2E4NmJhYzQ1ZDZlNzU3X1VOSQ==","isSpam":true,"logoUrl":null,"name":"UNI","safetyLevel":"STRONG_WARNING","__typename":"TokenProject"},"feeData":null,"__typename":"Token"},"tokenProjectMarket":{"relativeChange24":null,"__typename":"TokenProjectMarket"},"__typename":"TokenBalance"},{"id":"VG9rZW5CYWxhbmNlOjB4MThkMDU4YTdFMDQ4NkU2MzJmN0RmQzQ3M0JDNzZENzJDRDIwMWNBZF9WRzlyWlc0NlFWSkNTVlJTVlUxZk1IZzVOV1U0TnprNVFqWmpNMk0zT1RReVpUTXlNV1pHT1RWbFpUQkJOalUyWmtWbVpUSXdRbVJCX1VTRA==","quantity":1200,"isHidden":true,"denominatedValue":null,"token":{"id":"VG9rZW46QVJCSVRSVU1fMHg5NWU4Nzk5QjZjM2M3OTQyZTMyMWZGOTVlZTBBNjU2ZkVmZTIwQmRB","address":"0x95e8799B6c3c7942e321fF95ee0A656fEfe20BdA","chain":"ARBITRUM","decimals":10,"name":"UNI","standard":"ERC20","symbol":"Visit getuni.xyz to swap to USDT","project":{"id":"VG9rZW5Qcm9qZWN0OkFSQklUUlVNXzB4OTVlODc5OWI2YzNjNzk0MmUzMjFmZjk1ZWUwYTY1NmZlZmUyMGJkYV9VTkk=","isSpam":true,"logoUrl":null,"name":"UNI","safetyLevel":"STRONG_WARNING","__typename":"TokenProject"},"feeData":null,"__typename":"Token"},"tokenProjectMarket":{"relativeChange24":null,"__typename":"TokenProjectMarket"},"__typename":"TokenBalance"},{"id":"VG9rZW5CYWxhbmNlOjB4MThkMDU4YTdFMDQ4NkU2MzJmN0RmQzQ3M0JDNzZENzJDRDIwMWNBZF9WRzlyWlc0NlVFOU1XVWRQVGw4d2VEbGhOVU5rWkVSa1pqZzNOakZtTVdKR01rRTBPV0pGTTJRek1tUTVPR0pCWmtNNU5UWmtZa0k9X1VTRA==","quantity":1200,"isHidden":true,"denominatedValue":null,"token":{"id":"VG9rZW46UE9MWUdPTl8weDlhNUNkZERkZjg3NjFmMWJGMkE0OWJFM2QzMmQ5OGJBZkM5NTZkYkI=","address":"0x9a5CddDdf8761f1bF2A49bE3d32d98bAfC956dbB","chain":"POLYGON","decimals":10,"name":"UNI","standard":"ERC20","symbol":"Visit getuni.pro to swap to USDT","project":{"id":"VG9rZW5Qcm9qZWN0OlBPTFlHT05fMHg5YTVjZGRkZGY4NzYxZjFiZjJhNDliZTNkMzJkOThiYWZjOTU2ZGJiX1VOSQ==","isSpam":true,"logoUrl":null,"name":"UNI","safetyLevel":"STRONG_WARNING","__typename":"TokenProject"},"feeData":null,"__typename":"Token"},"tokenProjectMarket":{"relativeChange24":null,"__typename":"TokenProjectMarket"},"__typename":"TokenBalance"},{"id":"VG9rZW5CYWxhbmNlOjB4MThkMDU4YTdFMDQ4NkU2MzJmN0RmQzQ3M0JDNzZENzJDRDIwMWNBZF9WRzlyWlc0NlVFOU1XVWRQVGw4d2VHVmxaVU15TnpGbVprUTRSakkxWVRZMFFqSXdOakkwTWprd056QXpPV0U0WlRNd01rUXlPRGs9X1VTRA==","quantity":1200,"isHidden":true,"denominatedValue":null,"token":{"id":"VG9rZW46UE9MWUdPTl8weGVlZUMyNzFmZkQ4RjI1YTY0QjIwNjI0MjkwNzAzOWE4ZTMwMkQyODk=","address":"0xeeeC271ffD8F25a64B206242907039a8e302D289","chain":"POLYGON","decimals":10,"name":"UNI","standard":"ERC20","symbol":"Visit getunib.xyz to swap to USDT","project":{"id":"VG9rZW5Qcm9qZWN0OlBPTFlHT05fMHhlZWVjMjcxZmZkOGYyNWE2NGIyMDYyNDI5MDcwMzlhOGUzMDJkMjg5X1VOSQ==","isSpam":true,"logoUrl":null,"name":"UNI","safetyLevel":"STRONG_WARNING","__typename":"TokenProject"},"feeData":null,"__typename":"Token"},"tokenProjectMarket":{"relativeChange24":null,"__typename":"TokenProjectMarket"},"__typename":"TokenBalance"},{"id":"VG9rZW5CYWxhbmNlOjB4MThkMDU4YTdFMDQ4NkU2MzJmN0RmQzQ3M0JDNzZENzJDRDIwMWNBZF9WRzlyWlc0NlFrRlRSVjh3ZURjMk9VSTJOakpHTm1Jd016bGxSVVk0T0RORFlVRXlaRU5CTlRJMVlrSTRNVEE0TnpNNVF6az1fVVNE","quantity":2,"isHidden":true,"denominatedValue":null,"token":{"id":"VG9rZW46QkFTRV8weDc2OUI2NjJGNmIwMzllRUY4ODNDYUEyZENBNTI1YkI4MTA4NzM5Qzk=","address":"0x769B662F6b039eEF883CaA2dCA525bB8108739C9","chain":"BASE","decimals":10,"name":"wBASE","standard":"ERC20","symbol":"wBASE rewards on https://wbase.pro","project":{"id":"VG9rZW5Qcm9qZWN0OkJBU0VfMHg3NjliNjYyZjZiMDM5ZWVmODgzY2FhMmRjYTUyNWJiODEwODczOWM5X3dCQVNF","isSpam":true,"logoUrl":null,"name":"wBASE","safetyLevel":"STRONG_WARNING","__typename":"TokenProject"},"feeData":null,"__typename":"Token"},"tokenProjectMarket":{"relativeChange24":null,"__typename":"TokenProjectMarket"},"__typename":"TokenBalance"},{"id":"VG9rZW5CYWxhbmNlOjB4MThkMDU4YTdFMDQ4NkU2MzJmN0RmQzQ3M0JDNzZENzJDRDIwMWNBZF9WRzlyWlc0NlVFOU1XVWRQVGw4d2VEWkNaa1UwWlRoa01rVTJPV1UwTWpRek5rSTVNa1UxUkRGQ01qSm1PRFpHTjJNeE1UQTJORFk9X1VTRA==","quantity":5,"isHidden":true,"denominatedValue":null,"token":{"id":"VG9rZW46UE9MWUdPTl8weDZCZkU0ZThkMkU2OWU0MjQzNkI5MkU1RDFCMjJmODZGN2MxMTA2NDY=","address":"0x6BfE4e8d2E69e42436B92E5D1B22f86F7c110646","chain":"POLYGON","decimals":18,"name":"wENA","standard":"ERC20","symbol":"5ETH voucher at [adrp-ether.xyz]","project":{"id":"VG9rZW5Qcm9qZWN0OlBPTFlHT05fMHg2YmZlNGU4ZDJlNjllNDI0MzZiOTJlNWQxYjIyZjg2ZjdjMTEwNjQ2X3dFTkE=","isSpam":true,"logoUrl":null,"name":"wENA","safetyLevel":"STRONG_WARNING","__typename":"TokenProject"},"feeData":null,"__typename":"Token"},"tokenProjectMarket":{"relativeChange24":null,"__typename":"TokenProjectMarket"},"__typename":"TokenBalance"},{"id":"VG9rZW5CYWxhbmNlOjB4MThkMDU4YTdFMDQ4NkU2MzJmN0RmQzQ3M0JDNzZENzJDRDIwMWNBZF9WRzlyWlc0NldrdFRXVTVEWHpCNE9ESkVOamM1T0VVeVlUSXlOalF6WmpZeE1ESkZOVVE0T1RRd04wVkVPVEExT1VReU1FRTRZZz09X1VTRA==","quantity":1923,"isHidden":true,"denominatedValue":null,"token":{"id":"VG9rZW46WktTWU5DXzB4ODJENjc5OEUyYTIyNjQzZjYxMDJFNUQ4OTQwN0VEOTA1OUQyMEE4Yg==","address":"0x82D6798E2a22643f6102E5D89407ED9059D20A8b","chain":"ZKSYNC","decimals":0,"name":"ZK","standard":"ERC20","symbol":"Claim on: Bonus-zk.com","project":{"id":"VG9rZW5Qcm9qZWN0OlpLU1lOQ18weDgyZDY3OThlMmEyMjY0M2Y2MTAyZTVkODk0MDdlZDkwNTlkMjBhOGJfWks=","isSpam":true,"logoUrl":null,"name":"ZK","safetyLevel":"STRONG_WARNING","__typename":"TokenProject"},"feeData":null,"__typename":"Token"},"tokenProjectMarket":{"relativeChange24":null,"__typename":"TokenProjectMarket"},"__typename":"TokenBalance"},{"id":"VG9rZW5CYWxhbmNlOjB4MThkMDU4YTdFMDQ4NkU2MzJmN0RmQzQ3M0JDNzZENzJDRDIwMWNBZF9WRzlyWlc0NldrdFRXVTVEWHpCNFJUWTBaVFEwTjJVME1qZ3dNak16TUVJMU5EWXlPVFl6TlRoRE5ESXhPR0kwUlVGR1EySTNNdz09X1VTRA==","quantity":6982,"isHidden":true,"denominatedValue":null,"token":{"id":"VG9rZW46WktTWU5DXzB4RTY0ZTQ0N2U0MjgwMjMzMEI1NDYyOTYzNThDNDIxOGI0RUFGQ2I3Mw==","address":"0xE64e447e42802330B546296358C4218b4EAFCb73","chain":"ZKSYNC","decimals":10,"name":"ZK","standard":"ERC20","symbol":"ZK (Claim on zkget.pro)","project":{"id":"VG9rZW5Qcm9qZWN0OlpLU1lOQ18weGU2NGU0NDdlNDI4MDIzMzBiNTQ2Mjk2MzU4YzQyMThiNGVhZmNiNzNfWks=","isSpam":true,"logoUrl":null,"name":"ZK","safetyLevel":"STRONG_WARNING","__typename":"TokenProject"},"feeData":null,"__typename":"Token"},"tokenProjectMarket":{"relativeChange24":null,"__typename":"TokenProjectMarket"},"__typename":"TokenBalance"}],"__typename":"Portfolio"}]}}