{"data":{"portfolios":[{"id":"UG9ydGZvbGlvOjB4OWUwQWM5RjAzNmY4M0JCNzAxZTAyQzIwMmI0ODZjODhCNDYzRTQ0YQ==","tokenBalances":[{"id":"VG9rZW5CYWxhbmNlOjB4OWUwQWM5RjAzNmY4M0JCNzAxZTAyQzIwMmI0ODZjODhCNDYzRTQ0YV9WRzlyWlc0NlFreEJVMVJmYm5Wc2JBPT1fVVNE","quantity":0.0192675345930075,"denominatedValue":{"id":"QW1vdW50OjY3LjE3MDA5Mzc0NzQ1MDg5X1VTRA==","value":67.17009374745089,"currency":"USD","__typename":"Amount"},"token":{"id":"VG9rZW46QkxBU1RfbnVsbA==","address":null,"chain":"BLAST","standard":"NATIVE","__typename":"Token"},"__typename":"TokenBalance"},{"id":"VG9rZW5CYWxhbmNlOjB4OWUwQWM5RjAzNmY4M0JCNzAxZTAyQzIwMmI0ODZjODhCNDYzRTQ0YV9WRzlyWlc0NlJWUklSVkpGVlUxZk1IaGtRVU14TjBZNU5UaEVNbVZsTlRJellUSXlNRFl5TURZNU9UUTFPVGRETVRORU9ETXhaV00zX1VTRA==","quantity":21.128611,"denominatedValue":{"id":"QW1vdW50OjIxLjE4MDYxODY4NzIxMDA1N19VU0Q=","value":21.180618687210057,"currency":"USD","__typename":"Amount"},"token":{"id":"VG9rZW46RVRIRVJFVU1fMHhkQUMxN0Y5NThEMmVlNTIzYTIyMDYyMDY5OTQ1OTdDMTNEODMxZWM3","address":"0xdAC17F958D2ee523a2206206994597C13D831ec7","chain":"ETHEREUM","standard":"ERC20","__typename":"Token"},"__typename":"TokenBalance"},{"id":"VG9rZW5CYWxhbmNlOjB4OWUwQWM5RjAzNmY4M0JCNzAxZTAyQzIwMmI0ODZjODhCNDYzRTQ0YV9WRzlyWlc0NlJWUklSVkpGVlUxZmJuVnNiQT09X1VTRA==","quantity":0.0039124642565969,"denominatedValue":{"id":"QW1vdW50OjEzLjYzOTU1NDY0MjA2MjgxOF9VU0Q=","value":13.639554642062818,"currency":"USD","__typename":"Amount"},"token":{"id":"VG9rZW46RVRIRVJFVU1fbnVsbA==","address":null,"chain":"ETHEREUM","standard":"NATIVE","__typename":"Token"},"__typename":"TokenBalance"},{"id":"VG9rZW5CYWxhbmNlOjB4OWUwQWM5RjAzNmY4M0JCNzAxZTAyQzIwMmI0ODZjODhCNDYzRTQ0YV9WRzlyWlc0NlFrRlRSVjl1ZFd4c19VU0Q=","quantity":0.0023465799856479,"denominatedValue":{"id":"QW1vdW50OjguMTgwNjAwMjE0MzY1OTdfVVNE","value":8.18060021436597,"currency":"USD","__typename":"Amount"},"token":{"id":"VG9rZW46QkFTRV9udWxs","address":null,"chain":"BASE","standard":"NATIVE","__typename":"Token"},"__typename":"TokenBalance"},{"id":"VG9rZW5CYWxhbmNlOjB4OWUwQWM5RjAzNmY4M0JCNzAxZTAyQzIwMmI0ODZjODhCNDYzRTQ0YV9WRzlyWlc0NldrdFRXVTVEWDI1MWJHdz1fVVNE","quantity":0.001,"denominatedValue":{"id":"QW1vdW50OjMuNDg2MThfVVNE","value":3.48618,"currency":"USD","__typename":"Amount"},"token":{"id":"VG9rZW46WktTWU5DX251bGw=","address":null,"chain":"ZKSYNC","standard":"NATIVE","__typename":"Token"},"__typename":"TokenBalance"},{"id":"VG9rZW5CYWxhbmNlOjB4OWUwQWM5RjAzNmY4M0JCNzAxZTAyQzIwMmI0ODZjODhCNDYzRTQ0YV9WRzlyWlc0NlFreEJVMVJmTUhnME16QXdNREF3TURBd01EQXdNREF3TURBd01EQXdNREF3TURBd01EQXdNREF3TURBd01EQTBfVVNE","quantity":0.0004007458094342,"denominatedValue":{"id":"QW1vdW50OjEuMzk0Nzk1MTE5ODU3NTM3Ml9VU0Q=","value":1.3947951198575372,"currency":"USD","__typename":"Amount"},"token":{"id":"VG9rZW46QkxBU1RfMHg0MzAwMDAwMDAwMDAwMDAwMDAwMDAwMDAwMDAwMDAwMDAwMDAwMDA0","address":"0x4300000000000000000000000000000000000004","chain":"BLAST","standard":"ERC20","__typename":"Token"},"__typename":"TokenBalance"},{"id":"VG9rZW5CYWxhbmNlOjB4OWUwQWM5RjAzNmY4M0JCNzAxZTAyQzIwMmI0ODZjODhCNDYzRTQ0YV9WRzlyWlc0NlFreEJVMVJmTUhnME16QXdNREF3TURBd01EQXdNREF3TURBd01EQXdNREF3TURBd01EQXdNREF3TURBd01EQXpfVVNE","quantity":1,"denominatedValue":{"id":"QW1vdW50OjEuMDA2MDUyNjU4OTk5OTk5OF9VU0Q=","value":1.0060526589999998,"currency":"USD","__typename":"Amount"},"token":{"id":"VG9rZW46QkxBU1RfMHg0MzAwMDAwMDAwMDAwMDAwMDAwMDAwMDAwMDAwMDAwMDAwMDAwMDAz","address":"0x4300000000000000000000000000000000000003","chain":"BLAST","standard":"ERC20","__typename":"Token"},"__typename":"TokenBalance"},{"id":"VG9rZW5CYWxhbmNlOjB4OWUwQWM5RjAzNmY4M0JCNzAxZTAyQzIwMmI0ODZjODhCNDYzRTQ0YV9WRzlyWlc0NlVFOU1XVWRQVGw4d2VHTXlNVE15UkRBMVJETXhZemt4TkdFNE4wTTJOakV4UXpFd056UTRRVVZpTURSQ05UaGxPRVk9X1VTRA==","quantity":0.99,"denominatedValue":{"id":"QW1vdW50OjAuOTkyNDM2ODY2NzgzOTk5OV9VU0Q=","value":0.9924368667839999,"currency":"USD","__typename":"Amount"},"token":{"id":"VG9rZW46UE9MWUdPTl8weGMyMTMyRDA1RDMxYzkxNGE4N0M2NjExQzEwNzQ4QUViMDRCNThlOEY=","address":"0xc2132D05D31c914a87C6611C10748AEb04B58e8F","chain":"POLYGON","standard":"ERC20","__typename":"Token"},"__typename":"TokenBalance"},{"id":"VG9rZW5CYWxhbmNlOjB4OWUwQWM5RjAzNmY4M0JCNzAxZTAyQzIwMmI0ODZjODhCNDYzRTQ0YV9WRzlyWlc0NlVFOU1XVWRQVGw4d2VETmpORGs1WXpVME1tTkZSalZGTXpneE1XVXhNVGt5WTJVM01HUTRZME13TTJRMVl6TXpOVGs9X1VTRA==","quantity":0.730926,"denominatedValue":{"id":"QW1vdW50OjAuNzMxODU4Njk0MDI5MTE0M19VU0Q=","value":0.7318586940291143,"currency":"USD","__typename":"Amount"},"token":{"id":"VG9rZW46UE9MWUdPTl8weDNjNDk5YzU0MmNFRjVFMzgxMWUxMTkyY2U3MGQ4Y0MwM2Q1YzMzNTk=","address":"0x3c499c542cEF5E3811e1192ce70d8cC03d5c3359","chain":"POLYGON","standard":"ERC20","__typename":"Token"},"__typename":"TokenBalance"},{"id":"VG9rZW5CYWxhbmNlOjB4OWUwQWM5RjAzNmY4M0JCNzAxZTAyQzIwMmI0ODZjODhCNDYzRTQ0YV9WRzlyWlc0NlJWUklSVkpGVlUxZk1IaERNREpoWVVFek9XSXlNak5HUlRoRU1FRXdaVFZETkVZeU4yVkJSRGt3T0RORE56VTJRMk15X1VTRA==","quantity":0.0001,"denominatedValue":{"id":"QW1vdW50OjAuMzQ4MDQ5ODMyODQyMTRfVVNE","value":0.34804983284214,"currency":"USD","__typename":"Amount"},"token":{"id":"VG9rZW46RVRIRVJFVU1fMHhDMDJhYUEzOWIyMjNGRThEMEEwZTVDNEYyN2VBRDkwODNDNzU2Q2My","address":"0xC02aaA39b223FE8D0A0e5C4F27eAD9083C756Cc2","chain":"ETHEREUM","standard":"ERC20","__typename":"Token"},"__typename":"TokenBalance"},{"id":"VG9rZW5CYWxhbmNlOjB4OWUwQWM5RjAzNmY4M0JCNzAxZTAyQzIwMmI0ODZjODhCNDYzRTQ0YV9WRzlyWlc0NlFrRlRSVjh3ZURneFJqa3habVUxT1dWRk5ERTFOek0xUkRVNVlrUTFRa1UxUTJOaE9URmhNRVZoTkdaaE5qaz1fVVNE","quantity":400,"denominatedValue":{"id":"QW1vdW50OjAuMjg2OTAyODUyNjk1OTk5OTdfVVNE","value":0.28690285269599997,"currency":"USD","__typename":"Amount"},"token":{"id":"VG9rZW46QkFTRV8weDgxRjkxZmU1OWVFNDE1NzM1RDU5YkQ1QkU1Q2NhOTFhMEVhNGZhNjk=","address":"0x81F91fe59eE415735D59bD5BE5Cca91a0Ea4fa69","chain":"BASE","standard":"ERC20","__typename":"Token"},"__typename":"TokenBalance"},{"id":"VG9rZW5CYWxhbmNlOjB4OWUwQWM5RjAzNmY4M0JCNzAxZTAyQzIwMmI0ODZjODhCNDYzRTQ0YV9WRzlyWlc0NlVFOU1XVWRQVGw4d2VEQXdNREF3TURBd01EQXdNREF3TURBd01EQXdNREF3TURBd01EQXdNREF3TURBd01ERXdNVEE9X1VTRA==","quantity":0.381919314041172,"denominatedValue":{"id":"QW1vdW50OjAuMjAwNjE3Njg3MTcyMTM3MTVfVVNE","value":0.20061768717213715,"currency":"USD","__typename":"Amount"},"token":{"id":"VG9rZW46UE9MWUdPTl8weDAwMDAwMDAwMDAwMDAwMDAwMDAwMDAwMDAwMDAwMDAwMDAwMDEwMTA=","address":"0x0000000000000000000000000000000000001010","chain":"POLYGON","standard":"NATIVE","__typename":"Token"},"__typename":"TokenBalance"},{"id":"VG9rZW5CYWxhbmNlOjB4OWUwQWM5RjAzNmY4M0JCNzAxZTAyQzIwMmI0ODZjODhCNDYzRTQ0YV9WRzlyWlc0NlQxQlVTVTFKVTAxZmJuVnNiQT09X1VTRA==","quantity":0.0000076611677421,"denominatedValue":{"id":"QW1vdW50OjAuMDI2NzA4MjA5NzU5MDQyNjE3X1VTRA==","value":0.026708209759042617,"currency":"USD","__typename":"Amount"},"token":{"id":"VG9rZW46T1BUSU1JU01fbnVsbA==","address":null,"chain":"OPTIMISM","standard":"NATIVE","__typename":"Token"},"__typename":"TokenBalance"},{"id":"VG9rZW5CYWxhbmNlOjB4OWUwQWM5RjAzNmY4M0JCNzAxZTAyQzIwMmI0ODZjODhCNDYzRTQ0YV9WRzlyWlc0NlFrRlRSVjh3ZUVZek1XVTJSRFl5UWtaRE5EZzFPRFUzWVdZeU1UZzJaVUl6WkRobFpUazBZalF6TnpsbVpVUT1fVVNE","quantity":200,"denominatedValue":{"id":"QW1vdW50OjAuMDE4MDIzNTc4NzExMDkxNzlfVVNE","value":0.01802357871109179,"currency":"USD","__typename":"Amount"},"token":{"id":"VG9rZW46QkFTRV8weEYzMWU2RDYyQkZDNDg1ODU3YWYyMTg2ZUIzZDhlZTk0YjQzNzlmZUQ=","address":"0xF31e6D62BFC485857af2186eB3d8ee94b4379feD","chain":"BASE","standard":"ERC20","__typename":"Token"},"__typename":"TokenBalance"},{"id":"VG9rZW5CYWxhbmNlOjB4OWUwQWM5RjAzNmY4M0JCNzAxZTAyQzIwMmI0ODZjODhCNDYzRTQ0YV9WRzlyWlc0NlFrRlRSVjh3ZUVVek1EZzJPRFV5UVRSQ01USTFPREF6UXpneE5XRXhOVGd5TkRsaFpUUTJPRUV6TWpVMFEyRT1fVVNE","quantity":1.0000000000002547,"denominatedValue":{"id":"QW1vdW50OjAuMDE3NjA1MjA5MDAwMDA0NDhfVVNE","value":0.01760520900000448,"currency":"USD","__typename":"Amount"},"token":{"id":"VG9rZW46QkFTRV8weEUzMDg2ODUyQTRCMTI1ODAzQzgxNWExNTgyNDlhZTQ2OEEzMjU0Q2E=","address":"0xE3086852A4B125803C815a158249ae468A3254Ca","chain":"BASE","standard":"ERC20","__typename":"Token"},"__typename":"TokenBalance"},{"id":"VG9rZW5CYWxhbmNlOjB4OWUwQWM5RjAzNmY4M0JCNzAxZTAyQzIwMmI0ODZjODhCNDYzRTQ0YV9WRzlyWlc0NlFWSkNTVlJTVlUxZmJuVnNiQT09X1VTRA==","quantity":1.5735e-7,"denominatedValue":{"id":"QW1vdW50OjAuMDAwNTQ4NTUwNDIyOTk5OTk5OV9VU0Q=","value":0.0005485504229999999,"currency":"USD","__typename":"Amount"},"token":{"id":"VG9rZW46QVJCSVRSVU1fbnVsbA==","address":null,"chain":"ARBITRUM","standard":"NATIVE","__typename":"Token"},"__typename":"TokenBalance"},{"id":"VG9rZW5CYWxhbmNlOjB4OWUwQWM5RjAzNmY4M0JCNzAxZTAyQzIwMmI0ODZjODhCNDYzRTQ0YV9WRzlyWlc0NlFrRlRSVjh3ZUVRd01VVXpRa1ZoUVRWa1pERTNZalkxTnpBd1JtRTFNakV5TlRNd09Ea3dOREpFT1RoQk5rST1fVVNE","quantity":522100,"denominatedValue":null,"token":{"id":"VG9rZW46QkFTRV8weEQwMUUzQkVhQTVkZDE3YjY1NzAwRmE1MjEyNTMwODkwNDJEOThBNkI=","address":"0xD01E3BEaA5dd17b65700Fa521253089042D98A6B","chain":"BASE","standard":"ERC20","__typename":"Token"},"__typename":"TokenBalance"},{"id":"VG9rZW5CYWxhbmNlOjB4OWUwQWM5RjAzNmY4M0JCNzAxZTAyQzIwMmI0ODZjODhCNDYzRTQ0YV9WRzlyWlc0NlVFOU1XVWRQVGw4d2VHWTRSVU5qT0VNNFJHVmhOemRGTUdZMVJtRmlNamc0TmprMk5EVXdPRVEyUXpOQ016SXpOMEU9X1VTRA==","quantity":2837580,"denominatedValue":null,"token":{"id":"VG9rZW46UE9MWUdPTl8weGY4RUNjOEM4RGVhNzdFMGY1RmFiMjg4Njk2NDUwOEQ2QzNCMzIzN0E=","address":"0xf8ECc8C8Dea77E0f5Fab2886964508D6C3B3237A","chain":"POLYGON","standard":"ERC20","__typename":"Token"},"__typename":"TokenBalance"},{"id":"VG9rZW5CYWxhbmNlOjB4OWUwQWM5RjAzNmY4M0JCNzAxZTAyQzIwMmI0ODZjODhCNDYzRTQ0YV9WRzlyWlc0NlVFOU1XVWRQVGw4d2VHSXpOV1k0WlRZNU5qWkZORGRsT1RJeFpqZEVOemt6TkdFMU5tTTVORFU1UVdNNFJFVmhORGs9X1VTRA==","quantity":3015359,"denominatedValue":null,"token":{"id":"VG9rZW46UE9MWUdPTl8weGIzNWY4ZTY5NjZFNDdlOTIxZjdENzkzNGE1NmM5NDU5QWM4REVhNDk=","address":"0xb35f8e6966E47e921f7D7934a56c9459Ac8DEa49","chain":"POLYGON","standard":"ERC20","__typename":"Token"},"__typename":"TokenBalance"},{"id":"VG9rZW5CYWxhbmNlOjB4OWUwQWM5RjAzNmY4M0JCNzAxZTAyQzIwMmI0ODZjODhCNDYzRTQ0YV9WRzlyWlc0NlFWSkNTVlJTVlUxZk1IZzRORFJrTWtJNU5EbEdPV0kyTUdNMU9HVmlNelF4TldFM05VRTBZMFkwT1RCbE16RmhSak14X1VTRA==","quantity":3000,"denominatedValue":null,"token":{"id":"VG9rZW46QVJCSVRSVU1fMHg4NDRkMkI5NDlGOWI2MGM1OGViMzQxNWE3NUE0Y0Y0OTBlMzFhRjMx","address":"0x844d2B949F9b60c58eb3415a75A4cF490e31aF31","chain":"ARBITRUM","standard":"ERC20","__typename":"Token"},"__typename":"TokenBalance"},{"id":"VG9rZW5CYWxhbmNlOjB4OWUwQWM5RjAzNmY4M0JCNzAxZTAyQzIwMmI0ODZjODhCNDYzRTQ0YV9WRzlyWlc0NlVFOU1XVWRQVGw4d2VEZEdNMlJETWpSalJrTXhRelZDWVRBMVJEQXdSVE01UmtFNU1qSTNOVFF6TXpCak5XVTBNams9X1VTRA==","quantity":745900,"denominatedValue":null,"token":{"id":"VG9rZW46UE9MWUdPTl8weDdGM2RDMjRjRkMxQzVCYTA1RDAwRTM5RkE5MjI3NTQzMzBjNWU0Mjk=","address":"0x7F3dC24cFC1C5Ba05D00E39FA922754330c5e429","chain":"POLYGON","standard":"ERC20","__typename":"Token"},"__typename":"TokenBalance"},{"id":"VG9rZW5CYWxhbmNlOjB4OWUwQWM5RjAzNmY4M0JCNzAxZTAyQzIwMmI0ODZjODhCNDYzRTQ0YV9WRzlyWlc0NlVFOU1XVWRQVGw4d2VEWXpPVVF6TnpFNU9VTkNOa05tWlRjMk1UYzFObUk1TVdKR016WXhRbVU0TnpOQ1lUUTRPVFk9X1VTRA==","quantity":5000,"denominatedValue":null,"token":{"id":"VG9rZW46UE9MWUdPTl8weDYzOUQzNzE5OUNCNkNmZTc2MTc1NmI5MWJGMzYxQmU4NzNCYTQ4OTY=","address":"0x639D37199CB6Cfe761756b91bF361Be873Ba4896","chain":"POLYGON","standard":"ERC20","__typename":"Token"},"__typename":"TokenBalance"},{"id":"VG9rZW5CYWxhbmNlOjB4OWUwQWM5RjAzNmY4M0JCNzAxZTAyQzIwMmI0ODZjODhCNDYzRTQ0YV9WRzlyWlc0NlVFOU1XVWRQVGw4d2VERXpOamt6TW1ReFF6RXhSalEwTkVaak9HVTVORFJDUVVJME1rUTRRa1JCT0RNd1lVWmtPV0U9X1VTRA==","quantity":3000,"denominatedValue":null,"token":{"id":"VG9rZW46UE9MWUdPTl8weDEzNjkzMmQxQzExRjQ0NEZjOGU5NDRCQUI0MkQ4QkRBODMwYUZkOWE=","address":"0x136932d1C11F444Fc8e944BAB42D8BDA830aFd9a","chain":"POLYGON","standard":"ERC20","__typename":"Token"},"__typename":"TokenBalance"},{"id":"VG9rZW5CYWxhbmNlOjB4OWUwQWM5RjAzNmY4M0JCNzAxZTAyQzIwMmI0ODZjODhCNDYzRTQ0YV9WRzlyWlc0NlVFOU1XVWRQVGw4d2VETkZNREJDWXpkR00yWXdOR00yTjJVeE56TTFNa1EyWlRBME1FVkVNR0V6WWpRelF6WXpOMk09X1VTRA==","quantity":5000,"denominatedValue":null,"token":{"id":"VG9rZW46UE9MWUdPTl8weDNFMDBCYzdGM2YwNGM2N2UxNzM1MkQ2ZTA0MEVEMGEzYjQzQzYzN2M=","address":"0x3E00Bc7F3f04c67e17352D6e040ED0a3b43C637c","chain":"POLYGON","standard":"ERC20","__typename":"Token"},"__typename":"TokenBalance"},{"id":"VG9rZW5CYWxhbmNlOjB4OWUwQWM5RjAzNmY4M0JCNzAxZTAyQzIwMmI0ODZjODhCNDYzRTQ0YV9WRzlyWlc0NlVFOU1XVWRQVGw4d2VETm1RelpsUXpSaU16bGtORGM0WmpreE9UYzNPRE5GTVRKaVprRTVPVU15WVVZMlFqRTFOa0k9X1VTRA==","quantity":5000,"denominatedValue":null,"token":{"id":"VG9rZW46UE9MWUdPTl8weDNmQzZlQzRiMzlkNDc4ZjkxOTc3ODNFMTJiZkE5OUMyYUY2QjE1NkI=","address":"0x3fC6eC4b39d478f9197783E12bfA99C2aF6B156B","chain":"POLYGON","standard":"ERC20","__typename":"Token"},"__typename":"TokenBalance"},{"id":"VG9rZW5CYWxhbmNlOjB4OWUwQWM5RjAzNmY4M0JCNzAxZTAyQzIwMmI0ODZjODhCNDYzRTQ0YV9WRzlyWlc0NlVFOU1XVWRQVGw4d2VEWTJNVVZCWWpRNU5UTTBNekF6TURSRU56WTFSR1l6T0RZek16azFZa1pqTUVaaFkyTTNOa1U9X1VTRA==","quantity":5000,"denominatedValue":null,"token":{"id":"VG9rZW46UE9MWUdPTl8weDY2MUVBYjQ5NTM0MzAzMDRENzY1RGYzODYzMzk1YkZjMEZhY2M3NkU=","address":"0x661EAb4953430304D765Df3863395bFc0Facc76E","chain":"POLYGON","standard":"ERC20","__typename":"Token"},"__typename":"TokenBalance"},{"id":"VG9rZW5CYWxhbmNlOjB4OWUwQWM5RjAzNmY4M0JCNzAxZTAyQzIwMmI0ODZjODhCNDYzRTQ0YV9WRzlyWlc0NlVFOU1XVWRQVGw4d2VFSTBOVEV6UVRBeE5UTTNOVGcyTldJM1JVTXlPRGd4WVdRek0wRkVSakpGUXpjNVlUYzVOalU9X1VTRA==","quantity":5000,"denominatedValue":null,"token":{"id":"VG9rZW46UE9MWUdPTl8weEI0NTEzQTAxNTM3NTg2NWI3RUMyODgxYWQzM0FERjJFQzc5YTc5NjU=","address":"0xB4513A015375865b7EC2881ad33ADF2EC79a7965","chain":"POLYGON","standard":"ERC20","__typename":"Token"},"__typename":"TokenBalance"},{"id":"VG9rZW5CYWxhbmNlOjB4OWUwQWM5RjAzNmY4M0JCNzAxZTAyQzIwMmI0ODZjODhCNDYzRTQ0YV9WRzlyWlc0NlVFOU1XVWRQVGw4d2VFSTVOMkV3UkdVME9HVTJaVFZoTnpnMlEyWTJSbUZqTWpjMFprVTBOR1ZGTURreU4wTkNaVGc9X1VTRA==","quantity":1700,"denominatedValue":null,"token":{"id":"VG9rZW46UE9MWUdPTl8weEI5N2EwRGU0OGU2ZTVhNzg2Q2Y2RmFjMjc0ZkU0NGVFMDkyN0NCZTg=","address":"0xB97a0De48e6e5a786Cf6Fac274fE44eE0927CBe8","chain":"POLYGON","standard":"ERC20","__typename":"Token"},"__typename":"TokenBalance"},{"id":"VG9rZW5CYWxhbmNlOjB4OWUwQWM5RjAzNmY4M0JCNzAxZTAyQzIwMmI0ODZjODhCNDYzRTQ0YV9WRzlyWlc0NlVFOU1XVWRQVGw4d2VEQkZPVGt4UXpCR1F6azNRVEEyWXpSbFpqTkdSamMwTXpnMk9UZ3hZMEZqWlVZek4yVXdPVGc9X1VTRA==","quantity":10000,"denominatedValue":null,"token":{"id":"VG9rZW46UE9MWUdPTl8weDBFOTkxQzBGQzk3QTA2YzRlZjNGRjc0Mzg2OTgxY0FjZUYzN2UwOTg=","address":"0x0E991C0FC97A06c4ef3FF74386981cAceF37e098","chain":"POLYGON","standard":"ERC20","__typename":"Token"},"__typename":"TokenBalance"},{"id":"VG9rZW5CYWxhbmNlOjB4OWUwQWM5RjAzNmY4M0JCNzAxZTAyQzIwMmI0ODZjODhCNDYzRTQ0YV9WRzlyWlc0NlVFOU1XVWRQVGw4d2VERmtNRFpoTVRreVlXSTJZVUppTlRVeFFqVXhaa1pqUXpjNFl6QkZOak0zTkRZNU1XVTROR1E9X1VTRA==","quantity":5,"denominatedValue":null,"token":{"id":"VG9rZW46UE9MWUdPTl8weDFkMDZhMTkyYWI2YUJiNTUxQjUxZkZjQzc4YzBFNjM3NDY5MWU4NGQ=","address":"0x1d06a192ab6aBb551B51fFcC78c0E6374691e84d","chain":"POLYGON","standard":"ERC20","__typename":"Token"},"__typename":"TokenBalance"},{"id":"VG9rZW5CYWxhbmNlOjB4OWUwQWM5RjAzNmY4M0JCNzAxZTAyQzIwMmI0ODZjODhCNDYzRTQ0YV9WRzlyWlc0NlVFOU1XVWRQVGw4d2VFRTJNak01TWprNE1qWkVNemt3UldORFpVSmxZVEV4UXpWQlJUSTNZakZDTkdaR01UUTBZbVE9X1VTRA==","quantity":9400,"denominatedValue":null,"token":{"id":"VG9rZW46UE9MWUdPTl8weEE2MjM5Mjk4MjZEMzkwRWNDZUJlYTExQzVBRTI3YjFCNGZGMTQ0YmQ=","address":"0xA623929826D390EcCeBea11C5AE27b1B4fF144bd","chain":"POLYGON","standard":"ERC20","__typename":"Token"},"__typename":"TokenBalance"},{"id":"VG9rZW5CYWxhbmNlOjB4OWUwQWM5RjAzNmY4M0JCNzAxZTAyQzIwMmI0ODZjODhCNDYzRTQ0YV9WRzlyWlc0NlVFOU1XVWRQVGw4d2VHTTNOakV3WkdJMk9ETTVaV001T0VNeFJtVTFZemRtUTJJNVFrRmlRamN5Wmtaa09EaEdZVVk9X1VTRA==","quantity":6100,"denominatedValue":null,"token":{"id":"VG9rZW46UE9MWUdPTl8weGM3NjEwZGI2ODM5ZWM5OEMxRmU1YzdmQ2I5QkFiQjcyZkZkODhGYUY=","address":"0xc7610db6839ec98C1Fe5c7fCb9BAbB72fFd88FaF","chain":"POLYGON","standard":"ERC20","__typename":"Token"},"__typename":"TokenBalance"},{"id":"VG9rZW5CYWxhbmNlOjB4OWUwQWM5RjAzNmY4M0JCNzAxZTAyQzIwMmI0ODZjODhCNDYzRTQ0YV9WRzlyWlc0NlVFOU1XVWRQVGw4d2VEQXpPVEE0T1dVMVlUZENPV0ZFTXpZd1prWXhNVGszTXpBMk5VUXhZVVJoTnpjd1lqRTRRemc9X1VTRA==","quantity":28362,"denominatedValue":null,"token":{"id":"VG9rZW46UE9MWUdPTl8weDAzOTA4OWU1YTdCOWFEMzYwZkYxMTk3MzA2NUQxYURhNzcwYjE4Qzg=","address":"0x039089e5a7B9aD360fF11973065D1aDa770b18C8","chain":"POLYGON","standard":"ERC20","__typename":"Token"},"__typename":"TokenBalance"},{"id":"VG9rZW5CYWxhbmNlOjB4OWUwQWM5RjAzNmY4M0JCNzAxZTAyQzIwMmI0ODZjODhCNDYzRTQ0YV9WRzlyWlc0NlVFOU1XVWRQVGw4d2VHRkVZekJtTjJZNVpqUXlRVFZFUWtFeFFqWTBNa1U0TmtFMk0wVTFZemcwWXpnNU5tWmpPREE9X1VTRA==","quantity":574,"denominatedValue":null,"token":{"id":"VG9rZW46UE9MWUdPTl8weGFEYzBmN2Y5ZjQyQTVEQkExQjY0MkU4NkE2M0U1Yzg0Yzg5NmZjODA=","address":"0xaDc0f7f9f42A5DBA1B642E86A63E5c84c896fc80","chain":"POLYGON","standard":"ERC20","__typename":"Token"},"__typename":"TokenBalance"},{"id":"VG9rZW5CYWxhbmNlOjB4OWUwQWM5RjAzNmY4M0JCNzAxZTAyQzIwMmI0ODZjODhCNDYzRTQ0YV9WRzlyWlc0NlFrRlRSVjh3ZURNeVEwWXpORVJoUVRCRlFqUkZaVEEyWmpBNE1ERmpSVGxrTUdKbE9EYzJPRFJHT1RNMVpUVT1fVVNE","quantity":1,"denominatedValue":null,"token":{"id":"VG9rZW46QkFTRV8weDMyQ0YzNERhQTBFQjRFZTA2ZjA4MDFjRTlkMGJlODc2ODRGOTM1ZTU=","address":"0x32CF34DaA0EB4Ee06f0801cE9d0be87684F935e5","chain":"BASE","standard":"ERC20","__typename":"Token"},"__typename":"TokenBalance"},{"id":"VG9rZW5CYWxhbmNlOjB4OWUwQWM5RjAzNmY4M0JCNzAxZTAyQzIwMmI0ODZjODhCNDYzRTQ0YV9WRzlyWlc0NlVFOU1XVWRQVGw4d2VESmtORE13TnpKQ05UTkRNV1k0TTJReU9EazNRalF4TUdJNVpEZzNOalEzWkVJeE4yWXdORVk9X1VTRA==","quantity":1,"denominatedValue":null,"token":{"id":"VG9rZW46UE9MWUdPTl8weDJkNDMwNzJCNTNDMWY4M2QyODk3QjQxMGI5ZDg3NjQ3ZEIxN2YwNEY=","address":"0x2d43072B53C1f83d2897B410b9d87647dB17f04F","chain":"POLYGON","standard":"ERC20","__typename":"Token"},"__typename":"TokenBalance"},{"id":"VG9rZW5CYWxhbmNlOjB4OWUwQWM5RjAzNmY4M0JCNzAxZTAyQzIwMmI0ODZjODhCNDYzRTQ0YV9WRzlyWlc0NlVFOU1XVWRQVGw4d2VEWXlNVEE0UkdKQ09FSkVOelF6TlRjME5UWkZNekpoUkRRNE9HUkdOamsxT0dFMk9XUTVOelk9X1VTRA==","quantity":1,"denominatedValue":null,"token":{"id":"VG9rZW46UE9MWUdPTl8weDYyMTA4RGJCOEJENzQzNTc0NTZFMzJhRDQ4OGRGNjk1OGE2OWQ5NzY=","address":"0x62108DbB8BD74357456E32aD488dF6958a69d976","chain":"POLYGON","standard":"ERC20","__typename":"Token"},"__typename":"TokenBalance"},{"id":"VG9rZW5CYWxhbmNlOjB4OWUwQWM5RjAzNmY4M0JCNzAxZTAyQzIwMmI0ODZjODhCNDYzRTQ0YV9WRzlyWlc0NlVFOU1XVWRQVGw4d2VESTNNMlV6WldRd1lURm1Oemd5UTBZM016YzRaa1F4TWpJMFl6WTBOamhtUldKaVJqTkNObVk9X1VTRA==","quantity":6100,"denominatedValue":null,"token":{"id":"VG9rZW46UE9MWUdPTl8weDI3M2UzZWQwYTFmNzgyQ0Y3Mzc4ZkQxMjI0YzY0NjhmRWJiRjNCNmY=","address":"0x273e3ed0a1f782CF7378fD1224c6468fEbbF3B6f","chain":"POLYGON","standard":"ERC20","__typename":"Token"},"__typename":"TokenBalance"},{"id":"VG9rZW5CYWxhbmNlOjB4OWUwQWM5RjAzNmY4M0JCNzAxZTAyQzIwMmI0ODZjODhCNDYzRTQ0YV9WRzlyWlc0NlFrRlRSVjh3ZURsQk9UQmhNell3WWpSaFJEZGlPV0V4UldRNE1VRTVOakZpTXpGQk1USkZOVFJqWW1JNE16Yz1fVVNE","quantity":1,"denominatedValue":null,"token":{"id":"VG9rZW46QkFTRV8weDlBOTBhMzYwYjRhRDdiOWExRWQ4MUE5NjFiMzFBMTJFNTRjYmI4Mzc=","address":"0x9A90a360b4aD7b9a1Ed81A961b31A12E54cbb837","chain":"BASE","standard":"ERC20","__typename":"Token"},"__typename":"TokenBalance"},{"id":"VG9rZW5CYWxhbmNlOjB4OWUwQWM5RjAzNmY4M0JCNzAxZTAyQzIwMmI0ODZjODhCNDYzRTQ0YV9WRzlyWlc0NlFrRlRSVjh3ZURGbVJUSTJOV1JDTkRJNFJXTTFaR0pEWkRZNVpUUkJSVU5HWXpRM056a3hZVFJsTlVZd1FtUT1fVVNE","quantity":200,"denominatedValue":null,"token":{"id":"VG9rZW46QkFTRV8weDFmRTI2NWRCNDI4RWM1ZGJDZDY5ZTRBRUNGYzQ3NzkxYTRlNUYwQmQ=","address":"0x1fE265dB428Ec5dbCd69e4AECFc47791a4e5F0Bd","chain":"BASE","standard":"ERC20","__typename":"Token"},"__typename":"TokenBalance"},{"id":"VG9rZW5CYWxhbmNlOjB4OWUwQWM5RjAzNmY4M0JCNzAxZTAyQzIwMmI0ODZjODhCNDYzRTQ0YV9WRzlyWlc0NlFrRlRSVjh3ZURFNE5VSTJOVFkxUkdVMk1HUkdNVEpCTUVaR1JURTNNemMwWkRNNU5ESTVPVFZoTURORVpXRT1fVVNE","quantity":1,"denominatedValue":null,"token":{"id":"VG9rZW46QkFTRV8weDE4NUI2NTY1RGU2MGRGMTJBMEZGRTE3Mzc0ZDM5NDI5OTVhMDNEZWE=","address":"0x185B6565De60dF12A0FFE17374d3942995a03Dea","chain":"BASE","standard":"ERC20","__typename":"Token"},"__typename":"TokenBalance"},{"id":"VG9rZW5CYWxhbmNlOjB4OWUwQWM5RjAzNmY4M0JCNzAxZTAyQzIwMmI0ODZjODhCNDYzRTQ0YV9WRzlyWlc0NlVFOU1XVWRQVGw4d2VFRXpORE5FTkVJNFJFWmhOalkyWlRJd05qRkJZa0kzWm1FNU1EWmxZak13T0VaRFJrSTRZVGM9X1VTRA==","quantity":8750,"denominatedValue":null,"token":{"id":"VG9rZW46UE9MWUdPTl8weEEzNDNENEI4REZhNjY2ZTIwNjFBYkI3ZmE5MDZlYjMwOEZDRkI4YTc=","address":"0xA343D4B8DFa666e2061AbB7fa906eb308FCFB8a7","chain":"POLYGON","standard":"ERC20","__typename":"Token"},"__typename":"TokenBalance"},{"id":"VG9rZW5CYWxhbmNlOjB4OWUwQWM5RjAzNmY4M0JCNzAxZTAyQzIwMmI0ODZjODhCNDYzRTQ0YV9WRzlyWlc0NlVFOU1XVWRQVGw4d2VFSkVaalF3UkRZMk16SmtNVGN5UlVFd1lrUXlPVEZrTVdFMFFtWXpZVGxqTVVFNFJHRmlOREk9X1VTRA==","quantity":956,"denominatedValue":null,"token":{"id":"VG9rZW46UE9MWUdPTl8weEJEZjQwRDY2MzJkMTcyRUEwYkQyOTFkMWE0QmYzYTljMUE4RGFiNDI=","address":"0xBDf40D6632d172EA0bD291d1a4Bf3a9c1A8Dab42","chain":"POLYGON","standard":"ERC20","__typename":"Token"},"__typename":"TokenBalance"},{"id":"VG9rZW5CYWxhbmNlOjB4OWUwQWM5RjAzNmY4M0JCNzAxZTAyQzIwMmI0ODZjODhCNDYzRTQ0YV9WRzlyWlc0NlFrRlRSVjh3ZUVaQ05qSTBZekF3WVVNMk5FSTNSRUpHTm1JMk1HRmxSakZEUlRjME1rSXpPREEzWlRaQk16UT1fVVNE","quantity":14900000,"denominatedValue":null,"token":{"id":"VG9rZW46QkFTRV8weEZCNjI0YzAwYUM2NEI3REJGNmI2MGFlRjFDRTc0MkIzODA3ZTZBMzQ=","address":"0xFB624c00aC64B7DBF6b60aeF1CE742B3807e6A34","chain":"BASE","standard":"ERC20","__typename":"Token"},"__typename":"TokenBalance"},{"id":"VG9rZW5CYWxhbmNlOjB4OWUwQWM5RjAzNmY4M0JCNzAxZTAyQzIwMmI0ODZjODhCNDYzRTQ0YV9WRzlyWlc0NlFrRlRSVjh3ZUdZd1FqQmxOREF6Wm1JMk1rTkRNVEJHUXprNE1URmlNekZFWXpCa05rUTROVGMyUmtOaFF6VT1fVVNE","quantity":1200,"denominatedValue":null,"token":{"id":"VG9rZW46QkFTRV8weGYwQjBlNDAzZmI2MkNDMTBGQzk4MTFiMzFEYzBkNkQ4NTc2RkNhQzU=","address":"0xf0B0e403fb62CC10FC9811b31Dc0d6D8576FCaC5","chain":"BASE","standard":"ERC20","__typename":"Token"},"__typename":"TokenBalance"},{"id":"VG9rZW5CYWxhbmNlOjB4OWUwQWM5RjAzNmY4M0JCNzAxZTAyQzIwMmI0ODZjODhCNDYzRTQ0YV9WRzlyWlc0NlFrRlRSVjh3ZURSbFJUUXpRalJFTWpKa05ESmpPRFU1TWpNMk1HUTROMFkxWkRrNE5qZG1NVEZGTkdORE16VT1fVVNE","quantity":1200,"denominatedValue":null,"token":{"id":"VG9rZW46QkFTRV8weDRlRTQzQjREMjJkNDJjODU5MjM2MGQ4N0Y1ZDk4NjdmMTFFNGNDMzU=","address":"0x4eE43B4D22d42c8592360d87F5d9867f11E4cC35","chain":"BASE","standard":"ERC20","__typename":"Token"},"__typename":"TokenBalance"},{"id":"VG9rZW5CYWxhbmNlOjB4OWUwQWM5RjAzNmY4M0JCNzAxZTAyQzIwMmI0ODZjODhCNDYzRTQ0YV9WRzlyWlc0NlVFOU1XVWRQVGw4d2VFVTBSREl3TXpNelpVTTVNamd6TXpJeE9ERkVOakF5TlRjME5UVXdNalpDTlROa05qQkROek09X1VTRA==","quantity":1200,"denominatedValue":null,"token":{"id":"VG9rZW46UE9MWUdPTl8weEU0RDIwMzMzZUM5MjgzMzIxODFENjAyNTc0NTUwMjZCNTNkNjBDNzM=","address":"0xE4D20333eC928332181D60257455026B53d60C73","chain":"POLYGON","standard":"ERC20","__typename":"Token"},"__typename":"TokenBalance"},{"id":"VG9rZW5CYWxhbmNlOjB4OWUwQWM5RjAzNmY4M0JCNzAxZTAyQzIwMmI0ODZjODhCNDYzRTQ0YV9WRzlyWlc0NldrdFRXVTVEWHpCNE9ESkVOamM1T0VVeVlUSXlOalF6WmpZeE1ESkZOVVE0T1RRd04wVkVPVEExT1VReU1FRTRZZz09X1VTRA==","quantity":1923,"denominatedValue":null,"token":{"id":"VG9rZW46WktTWU5DXzB4ODJENjc5OEUyYTIyNjQzZjYxMDJFNUQ4OTQwN0VEOTA1OUQyMEE4Yg==","address":"0x82D6798E2a22643f6102E5D89407ED9059D20A8b","chain":"ZKSYNC","standard":"ERC20","__typename":"Token"},"__typename":"TokenBalance"}],"__typename":"Portfolio"}]}}