{"data":{"searchTokens":[{"id":"VG9rZW46RVRIRVJFVU1fMHhhMGI4Njk5MWM2MjE4YjM2YzFkMTlkNGEyZTllYjBjZTM2MDZlYjQ4","chain":"ETHEREUM","address":"0xa0b86991c6218b36c1d19d4a2e9eb0ce3606eb48","decimals":6,"symbol":"USDC","project":{"id":"VG9rZW5Qcm9qZWN0OkVUSEVSRVVNXzB4YTBiODY5OTFjNjIxOGIzNmMxZDE5ZDRhMmU5ZWIwY2UzNjA2ZWI0OF9VU0RD","name":"USDC","logoUrl":"https://coin-images.coingecko.com/coins/images/6319/large/usdc.png?1696506694","safetyLevel":"VERIFIED","__typename":"TokenProject"},"__typename":"Token"}]}}