{"data":{"searchTokens":[{"id":"VG9rZW46WktTWU5DX251bGw=","chain":"ZKSYNC","address":null,"decimals":18,"symbol":"ETH","name":"Ethereum","project":{"id":"VG9rZW5Qcm9qZWN0OkVUSEVSRVVNX251bGxfRXRoZXJldW0=","logoUrl":"https://token-icons.s3.amazonaws.com/eth.png","safetyLevel":"VERIFIED","__typename":"TokenProject"},"protectionInfo":null,"__typename":"Token"},{"id":"VG9rZW46V09STERDSEFJTl9udWxs","chain":"WORLDCHAIN","address":null,"decimals":18,"symbol":"ETH","name":"Ethereum","project":{"id":"VG9rZW5Qcm9qZWN0OkVUSEVSRVVNX251bGxfRXRoZXJldW0=","logoUrl":"https://token-icons.s3.amazonaws.com/eth.png","safetyLevel":"VERIFIED","__typename":"TokenProject"},"protectionInfo":null,"__typename":"Token"},{"id":"VG9rZW46QkxBU1RfbnVsbA==","chain":"BLAST","address":null,"decimals":18,"symbol":"ETH","name":"Ethereum","project":{"id":"VG9rZW5Qcm9qZWN0OkVUSEVSRVVNX251bGxfRXRoZXJldW0=","logoUrl":"https://token-icons.s3.amazonaws.com/eth.png","safetyLevel":"VERIFIED","__typename":"TokenProject"},"protectionInfo":null,"__typename":"Token"},{"id":"VG9rZW46Wk9SQV9udWxs","chain":"ZORA","address":null,"decimals":18,"symbol":"ETH","name":"Ethereum","project":{"id":"VG9rZW5Qcm9qZWN0OkVUSEVSRVVNX251bGxfRXRoZXJldW0=","logoUrl":"https://token-icons.s3.amazonaws.com/eth.png","safetyLevel":"VERIFIED","__typename":"TokenProject"},"protectionInfo":null,"__typename":"Token"},{"id":"VG9rZW46RVRIRVJFVU1fbnVsbA==","chain":"ETHEREUM","address":null,"decimals":18,"symbol":"ETH","name":"Ethereum","project":{"id":"VG9rZW5Qcm9qZWN0OkVUSEVSRVVNX251bGxfRXRoZXJldW0=","logoUrl":"https://token-icons.s3.amazonaws.com/eth.png","safetyLevel":"VERIFIED","__typename":"TokenProject"},"protectionInfo":null,"__typename":"Token"},{"id":"VG9rZW46QVJCSVRSVU1fbnVsbA==","chain":"ARBITRUM","address":null,"decimals":18,"symbol":"ETH","name":"Ethereum","project":{"id":"VG9rZW5Qcm9qZWN0OkVUSEVSRVVNX251bGxfRXRoZXJldW0=","logoUrl":"https://token-icons.s3.amazonaws.com/eth.png","safetyLevel":"VERIFIED","__typename":"TokenProject"},"protectionInfo":null,"__typename":"Token"},{"id":"VG9rZW46T1BUSU1JU01fbnVsbA==","chain":"OPTIMISM","address":null,"decimals":18,"symbol":"ETH","name":"Ethereum","project":{"id":"VG9rZW5Qcm9qZWN0OkVUSEVSRVVNX251bGxfRXRoZXJldW0=","logoUrl":"https://token-icons.s3.amazonaws.com/eth.png","safetyLevel":"VERIFIED","__typename":"TokenProject"},"protectionInfo":null,"__typename":"Token"},{"id":"VG9rZW46T1BUSU1JU01fbnVsbA==","chain":"BASE","address":null,"decimals":18,"symbol":"ETH","name":"Ethereum","project":{"id":"VG9rZW5Qcm9qZWN0OkVUSEVSRVVNX251bGxfRXRoZXJldW0=","logoUrl":"https://token-icons.s3.amazonaws.com/eth.png","safetyLevel":"VERIFIED","__typename":"TokenProject"},"protectionInfo":null,"__typename":"Token"},{"id":"VG9rZW46RVRIRVJFVU1fMHhDMDJhYUEzOWIyMjNGRThEMEEwZTVDNEYyN2VBRDkwODNDNzU2Q2My","chain":"ETHEREUM","address":"0xc02aaa39b223fe8d0a0e5c4f27ead9083c756cc2","decimals":18,"symbol":"WETH","name":"Wrapped Ether","project":{"id":"VG9rZW5Qcm9qZWN0OkVUSEVSRVVNXzB4YzAyYWFhMzliMjIzZmU4ZDBhMGU1YzRmMjdlYWQ5MDgzYzc1NmNjMl9XRVRI","logoUrl":"https://raw.githubusercontent.com/trustwallet/assets/master/blockchains/ethereum/assets/0xC02aaA39b223FE8D0A0e5C4F27eAD9083C756Cc2/logo.png","safetyLevel":"VERIFIED","__typename":"TokenProject"},"protectionInfo":{"result":"BENIGN","attackTypes":[],"__typename":"ProtectionInfo"},"__typename":"Token"},{"id":"VG9rZW46QVJCSVRSVU1fMHg4MmFmNDk0NDdkOGEwN2UzYmQ5NWJkMGQ1NmYzNTI0MTUyM2ZiYWIx","chain":"ARBITRUM","address":"0x82af49447d8a07e3bd95bd0d56f35241523fbab1","decimals":18,"symbol":"WETH","name":"Wrapped Ether","project":{"id":"VG9rZW5Qcm9qZWN0OkVUSEVSRVVNXzB4YzAyYWFhMzliMjIzZmU4ZDBhMGU1YzRmMjdlYWQ5MDgzYzc1NmNjMl9BcmJpdHJ1bSBCcmlkZ2VkIFdFVEggKEFyYml0cnVtIE9uZSk=","logoUrl":"https://coin-images.coingecko.com/coins/images/39713/large/WETH.PNG?1723731496","safetyLevel":"VERIFIED","__typename":"TokenProject"},"protectionInfo":{"result":"BENIGN","attackTypes":[],"__typename":"ProtectionInfo"},"__typename":"Token"}]}}