{"data":{"searchTokens":[{"id":"VG9rZW46RVRIRVJFVU1fMHg2YjE3NTQ3NGU4OTA5NGM0NGRhOThiOTU0ZWVkZWFjNDk1MjcxZDBm","chain":"ETHEREUM","address":"0x6b175474e89094c44da98b954eedeac495271d0f","decimals":18,"symbol":"DAI","name":"Dai Stablecoin","project":{"id":"VG9rZW5Qcm9qZWN0OkVUSEVSRVVNXzB4NmIxNzU0NzRlODkwOTRjNDRkYTk4Yjk1NGVlZGVhYzQ5NTI3MWQwZl9EYWk=","logoUrl":"https://coin-images.coingecko.com/coins/images/9956/large/Badge_Dai.png?1696509996","safetyLevel":"VERIFIED","__typename":"TokenProject"},"protectionInfo":{"result":"BENIGN","attackTypes":[],"__typename":"ProtectionInfo"},"__typename":"Token"}]}}