{"data":{"tokenProjects":[{"id":"VG9rZW5Qcm9qZWN0OkVUSEVSRVVNX251bGxfRXRoZXJldW0=","name":"Ethereum","logoUrl":"https://token-icons.s3.amazonaws.com/eth.png","safetyLevel":"VERIFIED","tokens":[{"chain":"ETHEREUM","address":null,"decimals":18,"symbol":"ETH","__typename":"Token"},{"chain":"ARBITRUM","address":null,"decimals":18,"symbol":"ETH","__typename":"Token"},{"chain":"OPTIMISM","address":null,"decimals":18,"symbol":"ETH","__typename":"Token"},{"chain":"BASE","address":null,"decimals":18,"symbol":"ETH","__typename":"Token"},{"chain":"BLAST","address":null,"decimals":18,"symbol":"ETH","__typename":"Token"},{"chain":"ZORA","address":null,"decimals":18,"symbol":"ETH","__typename":"Token"},{"chain":"ZKSYNC","address":null,"decimals":18,"symbol":"ETH","__typename":"Token"}],"__typename":"TokenProject"}]}}