{"data":{"topTokens":[{"id":"VG9rZW46RVRIRVJFVU1fMHhjMDJhYWEzOWIyMjNmZThkMGEwZTVjNGYyN2VhZDkwODNjNzU2Y2My","address":"0xC02aaA39b223FE8D0A0e5C4F27eAD9083C756Cc2","chain":"ETHEREUM","symbol":"WETH","name":"Wrapped Ether","decimals":18,"standard":"ERC20","project":{"id":"VG9rZW5Qcm9qZWN0OkVUSEVSRVVNXzB4YzAyYWFhMzliMjIzZmU4ZDBhMGU1YzRmMjdlYWQ5MDgzYzc1NmNjMl9XRVRI","name":"WETH","logo":{"id":"SW1hZ2U6aHR0cHM6Ly9yYXcuZ2l0aHVidXNlcmNvbnRlbnQuY29tL1VuaXN3YXAvYXNzZXRzL21hc3Rlci9ibG9ja2NoYWlucy9ldGhlcmV1bS9hc3NldHMvMHhDMDJhYUEzOWIyMjNGRThEMEEwZTVDNEYyN2VBRDkwODNDNzU2Q2MyL2xvZ28ucG5n","url":"https://raw.githubusercontent.com/Uniswap/assets/master/blockchains/ethereum/assets/0xC02aaA39b223FE8D0A0e5C4F27eAD9083C756Cc2/logo.png","__typename":"Image"},"safetyLevel":"VERIFIED","logoUrl":"https://raw.githubusercontent.com/Uniswap/assets/master/blockchains/ethereum/assets/0xC02aaA39b223FE8D0A0e5C4F27eAD9083C756Cc2/logo.png","isSpam":false,"__typename":"TokenProject"},"__typename":"Token"},{"id":"VG9rZW46RVRIRVJFVU1fMHhhMGI4Njk5MWM2MjE4YjM2YzFkMTlkNGEyZTllYjBjZTM2MDZlYjQ4","address":"0xA0b86991c6218b36c1d19D4a2e9Eb0cE3606eB48","chain":"ETHEREUM","symbol":"USDC","name":"USD Coin","decimals":6,"standard":"ERC20","project":{"id":"VG9rZW5Qcm9qZWN0OkVUSEVSRVVNXzB4YTBiODY5OTFjNjIxOGIzNmMxZDE5ZDRhMmU5ZWIwY2UzNjA2ZWI0OF9VU0RD","name":"USDC","logo":{"id":"SW1hZ2U6aHR0cHM6Ly9yYXcuZ2l0aHVidXNlcmNvbnRlbnQuY29tL1VuaXN3YXAvYXNzZXRzL21hc3Rlci9ibG9ja2NoYWlucy9ldGhlcmV1bS9hc3NldHMvMHhBMGI4Njk5MWM2MjE4YjM2YzFkMTlENGEyZTlFYjBjRTM2MDZlQjQ4L2xvZ28ucG5n","url":"https://raw.githubusercontent.com/Uniswap/assets/master/blockchains/ethereum/assets/0xA0b86991c6218b36c1d19D4a2e9Eb0cE3606eB48/logo.png","__typename":"Image"},"safetyLevel":"VERIFIED","logoUrl":"https://raw.githubusercontent.com/Uniswap/assets/master/blockchains/ethereum/assets/0xA0b86991c6218b36c1d19D4a2e9Eb0cE3606eB48/logo.png","isSpam":false,"__typename":"TokenProject"},"__typename":"Token"},{"id":"VG9rZW46RVRIRVJFVU1fMHhkYWMxN2Y5NThkMmVlNTIzYTIyMDYyMDY5OTQ1OTdjMTNkODMxZWM3","address":"0xdAC17F958D2ee523a2206206994597C13D831ec7","chain":"ETHEREUM","symbol":"USDT","name":"Tether USD","decimals":6,"standard":"ERC20","project":{"id":"VG9rZW5Qcm9qZWN0OkVUSEVSRVVNXzB4ZGFjMTdmOTU4ZDJlZTUyM2EyMjA2MjA2OTk0NTk3YzEzZDgzMWVjN19UZXRoZXI=","name":"Tether","logo":{"id":"SW1hZ2U6aHR0cHM6Ly9yYXcuZ2l0aHVidXNlcmNvbnRlbnQuY29tL1VuaXN3YXAvYXNzZXRzL21hc3Rlci9ibG9ja2NoYWlucy9ldGhlcmV1bS9hc3NldHMvMHhkQUMxN0Y5NThEMmVlNTIzYTIyMDYyMDY5OTQ1OTdDMTNEODMxZWM3L2xvZ28ucG5n","url":"https://raw.githubusercontent.com/Uniswap/assets/master/blockchains/ethereum/assets/0xdAC17F958D2ee523a2206206994597C13D831ec7/logo.png","__typename":"Image"},"safetyLevel":"VERIFIED","logoUrl":"https://raw.githubusercontent.com/Uniswap/assets/master/blockchains/ethereum/assets/0xdAC17F958D2ee523a2206206994597C13D831ec7/logo.png","isSpam":false,"__typename":"TokenProject"},"__typename":"Token"},{"id":"VG9rZW46RVRIRVJFVU1fMHgyMjYwZmFjNWU1NTQyYTc3M2FhNDRmYmNmZWRmN2MxOTNiYzJjNTk5","address":"0x2260FAC5E5542a773Aa44fBCfeDf7C193bc2C599","chain":"ETHEREUM","symbol":"WBTC","name":"Wrapped BTC","decimals":8,"standard":"ERC20","project":{"id":"VG9rZW5Qcm9qZWN0OkVUSEVSRVVNXzB4MjI2MGZhYzVlNTU0MmE3NzNhYTQ0ZmJjZmVkZjdjMTkzYmMyYzU5OV9XcmFwcGVkIEJpdGNvaW4=","name":"Wrapped Bitcoin","logo":{"id":"SW1hZ2U6aHR0cHM6Ly9yYXcuZ2l0aHVidXNlcmNvbnRlbnQuY29tL1VuaXN3YXAvYXNzZXRzL21hc3Rlci9ibG9ja2NoYWlucy9ldGhlcmV1bS9hc3NldHMvMHgyMjYwRkFDNUU1NTQyYTc3M0FhNDRmQkNmZURmN0MxOTNiYzJDNTk5L2xvZ28ucG5n","url":"https://raw.githubusercontent.com/Uniswap/assets/master/blockchains/ethereum/assets/0x2260FAC5E5542a773Aa44fBCfeDf7C193bc2C599/logo.png","__typename":"Image"},"safetyLevel":"VERIFIED","logoUrl":"https://raw.githubusercontent.com/Uniswap/assets/master/blockchains/ethereum/assets/0x2260FAC5E5542a773Aa44fBCfeDf7C193bc2C599/logo.png","isSpam":false,"__typename":"TokenProject"},"__typename":"Token"},{"id":"VG9rZW46RVRIRVJFVU1fMHg2YjE3NTQ3NGU4OTA5NGM0NGRhOThiOTU0ZWVkZWFjNDk1MjcxZDBm","address":"0x6B175474E89094C44Da98b954EedeAC495271d0F","chain":"ETHEREUM","symbol":"DAI","name":"Dai Stablecoin","decimals":18,"standard":"ERC20","project":{"id":"VG9rZW5Qcm9qZWN0OkVUSEVSRVVNXzB4NmIxNzU0NzRlODkwOTRjNDRkYTk4Yjk1NGVlZGVhYzQ5NTI3MWQwZl9EYWk=","name":"Dai","logo":{"id":"SW1hZ2U6aHR0cHM6Ly9yYXcuZ2l0aHVidXNlcmNvbnRlbnQuY29tL1VuaXN3YXAvYXNzZXRzL21hc3Rlci9ibG9ja2NoYWlucy9ldGhlcmV1bS9hc3NldHMvMHg2QjE3NTQ3NEU4OTA5NEM0NERhOThiOTU0RWVkZUFDNDk1MjcxZDBGL2xvZ28ucG5n","url":"https://raw.githubusercontent.com/Uniswap/assets/master/blockchains/ethereum/assets/0x6B175474E89094C44Da98b954EedeAC495271d0F/logo.png","__typename":"Image"},"safetyLevel":"VERIFIED","logoUrl":"https://raw.githubusercontent.com/Uniswap/assets/master/blockchains/ethereum/assets/0x6B175474E89094C44Da98b954EedeAC495271d0F/logo.png","isSpam":false,"__typename":"TokenProject"},"__typename":"Token"},{"id":"VG9rZW46RVRIRVJFVU1fMHg5ZjhmNzJhYTkzMDRjOGI1OTNkNTU1ZjEyZWY2NTg5Y2MzYTU3OWEy","address":"0x9f8F72aA9304c8B593d555F12eF6589cC3A579A2","chain":"ETHEREUM","symbol":"MKR","name":"Maker","decimals":18,"standard":"ERC20","project":{"id":"VG9rZW5Qcm9qZWN0OkVUSEVSRVVNXzB4OWY4ZjcyYWE5MzA0YzhiNTkzZDU1NWYxMmVmNjU4OWNjM2E1NzlhMl9NYWtlcg==","name":"Maker","logo":{"id":"SW1hZ2U6aHR0cHM6Ly9yYXcuZ2l0aHVidXNlcmNvbnRlbnQuY29tL1VuaXN3YXAvYXNzZXRzL21hc3Rlci9ibG9ja2NoYWlucy9ldGhlcmV1bS9hc3NldHMvMHg5ZjhGNzJhQTkzMDRjOEI1OTNkNTU1RjEyZUY2NTg5Y0MzQTU3OUEyL2xvZ28ucG5n","url":"https://raw.githubusercontent.com/Uniswap/assets/master/blockchains/ethereum/assets/0x9f8F72aA9304c8B593d555F12eF6589cC3A579A2/logo.png","__typename":"Image"},"safetyLevel":"VERIFIED","logoUrl":"https://raw.githubusercontent.com/Uniswap/assets/master/blockchains/ethereum/assets/0x9f8F72aA9304c8B593d555F12eF6589cC3A579A2/logo.png","isSpam":false,"__typename":"TokenProject"},"__typename":"Token"},{"id":"VG9rZW46RVRIRVJFVU1fMHg2OTgyNTA4MTQ1NDU0Y2UzMjVkZGJlNDdhMjVkNGVjM2QyMzExOTMz","address":"0x6982508145454Ce325dDbE47a25d4ec3d2311933","chain":"ETHEREUM","symbol":"PEPE","name":"Pepe","decimals":18,"standard":"ERC20","project":{"id":"VG9rZW5Qcm9qZWN0OkVUSEVSRVVNXzB4Njk4MjUwODE0NTQ1NGNlMzI1ZGRiZTQ3YTI1ZDRlYzNkMjMxMTkzM19QZXBl","name":"Pepe","logo":{"id":"SW1hZ2U6aHR0cHM6Ly9yYXcuZ2l0aHVidXNlcmNvbnRlbnQuY29tL1VuaXN3YXAvYXNzZXRzL21hc3Rlci9ibG9ja2NoYWlucy9ldGhlcmV1bS9hc3NldHMvMHg2OTgyNTA4MTQ1NDU0Q2UzMjVkRGJFNDdhMjVkNGVjM2QyMzExOTMzL2xvZ28ucG5n","url":"https://raw.githubusercontent.com/Uniswap/assets/master/blockchains/ethereum/assets/0x6982508145454Ce325dDbE47a25d4ec3d2311933/logo.png","__typename":"Image"},"safetyLevel":"VERIFIED","logoUrl":"https://raw.githubusercontent.com/Uniswap/assets/master/blockchains/ethereum/assets/0x6982508145454Ce325dDbE47a25d4ec3d2311933/logo.png","isSpam":false,"__typename":"TokenProject"},"__typename":"Token"},{"id":"VG9rZW46RVRIRVJFVU1fMHhiZTk4OTUxNDZmN2FmNDMwNDljYTFjMWFlMzU4YjA1NDFlYTQ5NzA0","address":"0xBe9895146f7AF43049ca1c1AE358B0541Ea49704","chain":"ETHEREUM","symbol":"cbETH","name":"Coinbase Wrapped Staked ETH","decimals":18,"standard":"ERC20","project":{"id":"VG9rZW5Qcm9qZWN0OkVUSEVSRVVNXzB4YmU5ODk1MTQ2ZjdhZjQzMDQ5Y2ExYzFhZTM1OGIwNTQxZWE0OTcwNF9Db2luYmFzZSBXcmFwcGVkIFN0YWtlZCBFVEg=","name":"Coinbase Wrapped Staked ETH","logo":{"id":"SW1hZ2U6aHR0cHM6Ly9jb2luLWltYWdlcy5jb2luZ2Vja28uY29tL2NvaW5zL2ltYWdlcy8yNzAwOC9sYXJnZS9jYmV0aC5wbmc/MTcwOTE4Njk4OQ==","url":"https://coin-images.coingecko.com/coins/images/27008/large/cbeth.png?1709186989","__typename":"Image"},"safetyLevel":"VERIFIED","logoUrl":"https://coin-images.coingecko.com/coins/images/27008/large/cbeth.png?1709186989","isSpam":false,"__typename":"TokenProject"},"__typename":"Token"},{"id":"VG9rZW46RVRIRVJFVU1fMHhmYWJhNmY4ZTRhNWU4YWI4MmY2MmZlN2MzOTg1OWZhNTc3MjY5YmUz","address":"0xfAbA6f8e4a5E8Ab82F62fe7C39859FA577269BE3","chain":"ETHEREUM","symbol":"ONDO","name":"Ondo","decimals":18,"standard":"ERC20","project":{"id":"VG9rZW5Qcm9qZWN0OkVUSEVSRVVNXzB4ZmFiYTZmOGU0YTVlOGFiODJmNjJmZTdjMzk4NTlmYTU3NzI2OWJlM19PbmRv","name":"Ondo","logo":{"id":"SW1hZ2U6aHR0cHM6Ly9jb2luLWltYWdlcy5jb2luZ2Vja28uY29tL2NvaW5zL2ltYWdlcy8yNjU4MC9sYXJnZS9PTkRPLnBuZz8xNjk2NTI1NjU2","url":"https://coin-images.coingecko.com/coins/images/26580/large/ONDO.png?1696525656","__typename":"Image"},"safetyLevel":"VERIFIED","logoUrl":"https://coin-images.coingecko.com/coins/images/26580/large/ONDO.png?1696525656","isSpam":false,"__typename":"TokenProject"},"__typename":"Token"},{"id":"VG9rZW46RVRIRVJFVU1fMHg2ZGUwMzdlZjlhZDI3MjVlYjQwMTE4YmIxNzAyZWJiMjdlNGFlYjI0","address":"0x6De037ef9aD2725EB40118Bb1702EBb27e4Aeb24","chain":"ETHEREUM","symbol":"RNDR","name":"Render Token","decimals":18,"standard":"ERC20","project":{"id":"VG9rZW5Qcm9qZWN0OkVUSEVSRVVNXzB4NmRlMDM3ZWY5YWQyNzI1ZWI0MDExOGJiMTcwMmViYjI3ZTRhZWIyNF9SZW5kZXI=","name":"Render","logo":{"id":"SW1hZ2U6aHR0cHM6Ly9yYXcuZ2l0aHVidXNlcmNvbnRlbnQuY29tL1VuaXN3YXAvYXNzZXRzL21hc3Rlci9ibG9ja2NoYWlucy9ldGhlcmV1bS9hc3NldHMvMHg2RGUwMzdlZjlhRDI3MjVFQjQwMTE4QmIxNzAyRUJiMjdlNEFlYjI0L2xvZ28ucG5n","url":"https://raw.githubusercontent.com/Uniswap/assets/master/blockchains/ethereum/assets/0x6De037ef9aD2725EB40118Bb1702EBb27e4Aeb24/logo.png","__typename":"Image"},"safetyLevel":"VERIFIED","logoUrl":"https://raw.githubusercontent.com/Uniswap/assets/master/blockchains/ethereum/assets/0x6De037ef9aD2725EB40118Bb1702EBb27e4Aeb24/logo.png","isSpam":false,"__typename":"TokenProject"},"__typename":"Token"},{"id":"VG9rZW46RVRIRVJFVU1fMHg1N2UxMTRiNjkxZGI3OTBjMzUyMDdiMmU2ODVkNGE0MzE4MWU2MDYx","address":"0x57e114B691Db790C35207b2e685D4A43181e6061","chain":"ETHEREUM","symbol":"ENA","name":"ENA","decimals":18,"standard":"ERC20","project":{"id":"VG9rZW5Qcm9qZWN0OkVUSEVSRVVNXzB4NTdlMTE0YjY5MWRiNzkwYzM1MjA3YjJlNjg1ZDRhNDMxODFlNjA2MV9FdGhlbmE=","name":"Ethena","logo":{"id":"SW1hZ2U6aHR0cHM6Ly9jb2luLWltYWdlcy5jb2luZ2Vja28uY29tL2NvaW5zL2ltYWdlcy8zNjUzMC9sYXJnZS9ldGhlbmEucG5nPzE3MTE3MDE0MzY=","url":"https://coin-images.coingecko.com/coins/images/36530/large/ethena.png?1711701436","__typename":"Image"},"safetyLevel":"VERIFIED","logoUrl":"https://coin-images.coingecko.com/coins/images/36530/large/ethena.png?1711701436","isSpam":false,"__typename":"TokenProject"},"__typename":"Token"},{"id":"VG9rZW46RVRIRVJFVU1fMHg1MTQ5MTA3NzFhZjljYTY1NmFmODQwZGZmODNlODI2NGVjZjk4NmNh","address":"0x514910771AF9Ca656af840dff83E8264EcF986CA","chain":"ETHEREUM","symbol":"LINK","name":"ChainLink Token","decimals":18,"standard":"ERC20","project":{"id":"VG9rZW5Qcm9qZWN0OkVUSEVSRVVNXzB4NTE0OTEwNzcxYWY5Y2E2NTZhZjg0MGRmZjgzZTgyNjRlY2Y5ODZjYV9DaGFpbmxpbms=","name":"Chainlink","logo":{"id":"SW1hZ2U6aHR0cHM6Ly9yYXcuZ2l0aHVidXNlcmNvbnRlbnQuY29tL1VuaXN3YXAvYXNzZXRzL21hc3Rlci9ibG9ja2NoYWlucy9ldGhlcmV1bS9hc3NldHMvMHg1MTQ5MTA3NzFBRjlDYTY1NmFmODQwZGZmODNFODI2NEVjRjk4NkNBL2xvZ28ucG5n","url":"https://raw.githubusercontent.com/Uniswap/assets/master/blockchains/ethereum/assets/0x514910771AF9Ca656af840dff83E8264EcF986CA/logo.png","__typename":"Image"},"safetyLevel":"VERIFIED","logoUrl":"https://raw.githubusercontent.com/Uniswap/assets/master/blockchains/ethereum/assets/0x514910771AF9Ca656af840dff83E8264EcF986CA/logo.png","isSpam":false,"__typename":"TokenProject"},"__typename":"Token"},{"id":"VG9rZW46RVRIRVJFVU1fMHhkMzFhNTljODVhZTlkOGVkZWZlYzQxMWQ0NDhmOTA4NDE1NzFiODlj","address":"0xD31a59c85aE9D8edEFeC411D448f90841571b89c","chain":"ETHEREUM","symbol":"SOL","name":"Wrapped SOL (Wormhole)","decimals":9,"standard":"ERC20","project":{"id":"VG9rZW5Qcm9qZWN0OkVUSEVSRVVNXzB4ZDMxYTU5Yzg1YWU5ZDhlZGVmZWM0MTFkNDQ4ZjkwODQxNTcxYjg5Y19TT0wgKFdvcm1ob2xlKQ==","name":"SOL (Wormhole)","logo":{"id":"SW1hZ2U6aHR0cHM6Ly9yYXcuZ2l0aHVidXNlcmNvbnRlbnQuY29tL1VuaXN3YXAvYXNzZXRzL21hc3Rlci9ibG9ja2NoYWlucy9ldGhlcmV1bS9hc3NldHMvMHhEMzFhNTljODVhRTlEOGVkRUZlQzQxMUQ0NDhmOTA4NDE1NzFiODljL2xvZ28ucG5n","url":"https://raw.githubusercontent.com/Uniswap/assets/master/blockchains/ethereum/assets/0xD31a59c85aE9D8edEFeC411D448f90841571b89c/logo.png","__typename":"Image"},"safetyLevel":"VERIFIED","logoUrl":"https://raw.githubusercontent.com/Uniswap/assets/master/blockchains/ethereum/assets/0xD31a59c85aE9D8edEFeC411D448f90841571b89c/logo.png","isSpam":false,"__typename":"TokenProject"},"__typename":"Token"},{"id":"VG9rZW46RVRIRVJFVU1fMHg1ZmFhOTg5YWY5NmFmODUzODRiOGE5MzhjMmVkZTRhNzM3OGQ5ODc1","address":"0x5fAa989Af96Af85384b8a938c2EdE4A7378D9875","chain":"ETHEREUM","symbol":"GAL","name":"Project Galaxy","decimals":18,"standard":"ERC20","project":{"id":"VG9rZW5Qcm9qZWN0OkVUSEVSRVVNXzB4NWZhYTk4OWFmOTZhZjg1Mzg0YjhhOTM4YzJlZGU0YTczNzhkOTg3NV9HYWx4ZQ==","name":"Galxe","logo":{"id":"SW1hZ2U6aHR0cHM6Ly9yYXcuZ2l0aHVidXNlcmNvbnRlbnQuY29tL1VuaXN3YXAvYXNzZXRzL21hc3Rlci9ibG9ja2NoYWlucy9ldGhlcmV1bS9hc3NldHMvMHg1ZkFhOTg5QWY5NkFmODUzODRiOGE5MzhjMkVkRTRBNzM3OEQ5ODc1L2xvZ28ucG5n","url":"https://raw.githubusercontent.com/Uniswap/assets/master/blockchains/ethereum/assets/0x5fAa989Af96Af85384b8a938c2EdE4A7378D9875/logo.png","__typename":"Image"},"safetyLevel":"VERIFIED","logoUrl":"https://raw.githubusercontent.com/Uniswap/assets/master/blockchains/ethereum/assets/0x5fAa989Af96Af85384b8a938c2EdE4A7378D9875/logo.png","isSpam":false,"__typename":"TokenProject"},"__typename":"Token"},{"id":"VG9rZW46RVRIRVJFVU1fMHhjNzcwZWVmYWQyMDRiNTE4MGRmNmExNGVlMTk3ZDk5ZDgwOGVlNTJk","address":"0xc770EEfAd204B5180dF6a14Ee197D99d808ee52d","chain":"ETHEREUM","symbol":"FOX","name":"FOX","decimals":18,"standard":"ERC20","project":{"id":"VG9rZW5Qcm9qZWN0OkVUSEVSRVVNXzB4Yzc3MGVlZmFkMjA0YjUxODBkZjZhMTRlZTE5N2Q5OWQ4MDhlZTUyZF9TaGFwZVNoaWZ0IEZPWA==","name":"ShapeShift FOX","logo":{"id":"SW1hZ2U6aHR0cHM6Ly9yYXcuZ2l0aHVidXNlcmNvbnRlbnQuY29tL1VuaXN3YXAvYXNzZXRzL21hc3Rlci9ibG9ja2NoYWlucy9ldGhlcmV1bS9hc3NldHMvMHhjNzcwRUVmQWQyMDRCNTE4MGRGNmExNEVlMTk3RDk5ZDgwOGVlNTJkL2xvZ28ucG5n","url":"https://raw.githubusercontent.com/Uniswap/assets/master/blockchains/ethereum/assets/0xc770EEfAd204B5180dF6a14Ee197D99d808ee52d/logo.png","__typename":"Image"},"safetyLevel":"VERIFIED","logoUrl":"https://raw.githubusercontent.com/Uniswap/assets/master/blockchains/ethereum/assets/0xc770EEfAd204B5180dF6a14Ee197D99d808ee52d/logo.png","isSpam":false,"__typename":"TokenProject"},"__typename":"Token"},{"id":"VG9rZW46RVRIRVJFVU1fMHhhZWE0NmE2MDM2OGE3YmQwNjBlZWM3ZGY4Y2JhNDNiN2VmNDFhZDg1","address":"0xaea46A60368A7bD060eec7DF8CBa43b7EF41Ad85","chain":"ETHEREUM","symbol":"FET","name":"Fetch","decimals":18,"standard":"ERC20","project":{"id":"VG9rZW5Qcm9qZWN0OkVUSEVSRVVNXzB4YWVhNDZhNjAzNjhhN2JkMDYwZWVjN2RmOGNiYTQzYjdlZjQxYWQ4NV9BcnRpZmljaWFsIFN1cGVyaW50ZWxsaWdlbmNlIEFsbGlhbmNl","name":"Artificial Superintelligence Alliance","logo":{"id":"SW1hZ2U6aHR0cHM6Ly9yYXcuZ2l0aHVidXNlcmNvbnRlbnQuY29tL1VuaXN3YXAvYXNzZXRzL21hc3Rlci9ibG9ja2NoYWlucy9ldGhlcmV1bS9hc3NldHMvMHhhZWE0NkE2MDM2OEE3YkQwNjBlZWM3REY4Q0JhNDNiN0VGNDFBZDg1L2xvZ28ucG5n","url":"https://raw.githubusercontent.com/Uniswap/assets/master/blockchains/ethereum/assets/0xaea46A60368A7bD060eec7DF8CBa43b7EF41Ad85/logo.png","__typename":"Image"},"safetyLevel":"VERIFIED","logoUrl":"https://raw.githubusercontent.com/Uniswap/assets/master/blockchains/ethereum/assets/0xaea46A60368A7bD060eec7DF8CBa43b7EF41Ad85/logo.png","isSpam":false,"__typename":"TokenProject"},"__typename":"Token"},{"id":"VG9rZW46RVRIRVJFVU1fMHhmZTBjMzAwNjViMzg0ZjA1NzYxZjE1ZDBjYzg5OWQ0ZjlmOWNjMGVi","address":"0xFe0c30065B384F05761f15d0CC899D4F9F9Cc0eB","chain":"ETHEREUM","symbol":"ETHFI","name":"ether.fi governance token","decimals":18,"standard":"ERC20","project":{"id":"VG9rZW5Qcm9qZWN0OkVUSEVSRVVNXzB4ZmUwYzMwMDY1YjM4NGYwNTc2MWYxNWQwY2M4OTlkNGY5ZjljYzBlYl9FdGhlci5maQ==","name":"Ether.fi","logo":{"id":"SW1hZ2U6aHR0cHM6Ly9jb2luLWltYWdlcy5jb2luZ2Vja28uY29tL2NvaW5zL2ltYWdlcy8zNTk1OC9sYXJnZS9ldGhlcmZpLmpwZWc/MTcxMDI1NDU2Mg==","url":"https://coin-images.coingecko.com/coins/images/35958/large/etherfi.jpeg?1710254562","__typename":"Image"},"safetyLevel":"VERIFIED","logoUrl":"https://coin-images.coingecko.com/coins/images/35958/large/etherfi.jpeg?1710254562","isSpam":false,"__typename":"TokenProject"},"__typename":"Token"},{"id":"VG9rZW46RVRIRVJFVU1fMHg2MmQwYTg0NThlZDc3MTlmZGFmOTc4ZmU1OTI5YzZkMzQyYjBiZmNl","address":"0x62D0A8458eD7719FDAF978fe5929C6D342B0bFcE","chain":"ETHEREUM","symbol":"BEAM","name":"Beam","decimals":18,"standard":"ERC20","project":{"id":"VG9rZW5Qcm9qZWN0OkVUSEVSRVVNXzB4NjJkMGE4NDU4ZWQ3NzE5ZmRhZjk3OGZlNTkyOWM2ZDM0MmIwYmZjZV9CZWFt","name":"Beam","logo":{"id":"SW1hZ2U6aHR0cHM6Ly9jb2luLWltYWdlcy5jb2luZ2Vja28uY29tL2NvaW5zL2ltYWdlcy8zMjQxNy9sYXJnZS9jaGFpbi1sb2dvLnBuZz8xNjk4MTE0Mzg0","url":"https://coin-images.coingecko.com/coins/images/32417/large/chain-logo.png?1698114384","__typename":"Image"},"safetyLevel":"VERIFIED","logoUrl":"https://coin-images.coingecko.com/coins/images/32417/large/chain-logo.png?1698114384","isSpam":false,"__typename":"TokenProject"},"__typename":"Token"},{"id":"VG9rZW46RVRIRVJFVU1fMHhjZjBjMTIyYzZiNzNmZjgwOWM2OTNkYjc2MWU3YmFlYmU2MmI2YTJl","address":"0xcf0C122c6b73ff809C693DB761e7BaeBe62b6a2E","chain":"ETHEREUM","symbol":"FLOKI","name":"FLOKI","decimals":9,"standard":"ERC20","project":{"id":"VG9rZW5Qcm9qZWN0OkVUSEVSRVVNXzB4Y2YwYzEyMmM2YjczZmY4MDljNjkzZGI3NjFlN2JhZWJlNjJiNmEyZV9GTE9LSQ==","name":"FLOKI","logo":{"id":"SW1hZ2U6aHR0cHM6Ly9yYXcuZ2l0aHVidXNlcmNvbnRlbnQuY29tL1VuaXN3YXAvYXNzZXRzL21hc3Rlci9ibG9ja2NoYWlucy9ldGhlcmV1bS9hc3NldHMvMHhjZjBDMTIyYzZiNzNmZjgwOUM2OTNEQjc2MWU3QmFlQmU2MmI2YTJFL2xvZ28ucG5n","url":"https://raw.githubusercontent.com/Uniswap/assets/master/blockchains/ethereum/assets/0xcf0C122c6b73ff809C693DB761e7BaeBe62b6a2E/logo.png","__typename":"Image"},"safetyLevel":"VERIFIED","logoUrl":"https://raw.githubusercontent.com/Uniswap/assets/master/blockchains/ethereum/assets/0xcf0C122c6b73ff809C693DB761e7BaeBe62b6a2E/logo.png","isSpam":false,"__typename":"TokenProject"},"__typename":"Token"},{"id":"VG9rZW46RVRIRVJFVU1fMHg4NTNkOTU1YWNlZjgyMmRiMDU4ZWI4NTA1OTExZWQ3N2YxNzViOTll","address":"0x853d955aCEf822Db058eb8505911ED77F175b99e","chain":"ETHEREUM","symbol":"FRAX","name":"Frax","decimals":18,"standard":"ERC20","project":{"id":"VG9rZW5Qcm9qZWN0OkVUSEVSRVVNXzB4ODUzZDk1NWFjZWY4MjJkYjA1OGViODUwNTkxMWVkNzdmMTc1Yjk5ZV9GcmF4","name":"Frax","logo":{"id":"SW1hZ2U6aHR0cHM6Ly9yYXcuZ2l0aHVidXNlcmNvbnRlbnQuY29tL1VuaXN3YXAvYXNzZXRzL21hc3Rlci9ibG9ja2NoYWlucy9ldGhlcmV1bS9hc3NldHMvMHg4NTNkOTU1YUNFZjgyMkRiMDU4ZWI4NTA1OTExRUQ3N0YxNzViOTllL2xvZ28ucG5n","url":"https://raw.githubusercontent.com/Uniswap/assets/master/blockchains/ethereum/assets/0x853d955aCEf822Db058eb8505911ED77F175b99e/logo.png","__typename":"Image"},"safetyLevel":"VERIFIED","logoUrl":"https://raw.githubusercontent.com/Uniswap/assets/master/blockchains/ethereum/assets/0x853d955aCEf822Db058eb8505911ED77F175b99e/logo.png","isSpam":false,"__typename":"TokenProject"},"__typename":"Token"},{"id":"VG9rZW46RVRIRVJFVU1fMHgxZjk4NDBhODVkNWFmNWJmMWQxNzYyZjkyNWJkYWRkYzQyMDFmOTg0","address":"0x1f9840a85d5aF5bf1D1762F925BDADdC4201F984","chain":"ETHEREUM","symbol":"UNI","name":"Uniswap","decimals":18,"standard":"ERC20","project":{"id":"VG9rZW5Qcm9qZWN0OkVUSEVSRVVNXzB4MWY5ODQwYTg1ZDVhZjViZjFkMTc2MmY5MjViZGFkZGM0MjAxZjk4NF9Vbmlzd2Fw","name":"Uniswap","logo":{"id":"SW1hZ2U6aHR0cHM6Ly9yYXcuZ2l0aHVidXNlcmNvbnRlbnQuY29tL1VuaXN3YXAvYXNzZXRzL21hc3Rlci9ibG9ja2NoYWlucy9ldGhlcmV1bS9hc3NldHMvMHgxZjk4NDBhODVkNWFGNWJmMUQxNzYyRjkyNUJEQURkQzQyMDFGOTg0L2xvZ28ucG5n","url":"https://raw.githubusercontent.com/Uniswap/assets/master/blockchains/ethereum/assets/0x1f9840a85d5aF5bf1D1762F925BDADdC4201F984/logo.png","__typename":"Image"},"safetyLevel":"VERIFIED","logoUrl":"https://raw.githubusercontent.com/Uniswap/assets/master/blockchains/ethereum/assets/0x1f9840a85d5aF5bf1D1762F925BDADdC4201F984/logo.png","isSpam":false,"__typename":"TokenProject"},"__typename":"Token"},{"id":"VG9rZW46RVRIRVJFVU1fMHg3NjEzYzQ4ZTBjZDUwZTQyZGQ5YmYwZjZjMjM1MDYzMTQ1ZjZmOGRj","address":"0x7613C48E0cd50E42dD9Bf0f6c235063145f6f8DC","chain":"ETHEREUM","symbol":"PIRATE","name":"Pirate Nation Token","decimals":18,"standard":"ERC20","project":{"id":"VG9rZW5Qcm9qZWN0OkVUSEVSRVVNXzB4NzYxM2M0OGUwY2Q1MGU0MmRkOWJmMGY2YzIzNTA2MzE0NWY2ZjhkY19QaXJhdGUgTmF0aW9uIFRva2Vu","name":"Pirate Nation Token","logo":{"id":"SW1hZ2U6aHR0cHM6Ly9jb2luLWltYWdlcy5jb2luZ2Vja28uY29tL2NvaW5zL2ltYWdlcy8zODUyNC9sYXJnZS9fUGlyYXRlX1RyYW5zcGFyZW50XzIwMHgyMDAucG5nPzE3MTc5NDc4MTM=","url":"https://coin-images.coingecko.com/coins/images/38524/large/_Pirate_Transparent_200x200.png?1717947813","__typename":"Image"},"safetyLevel":"VERIFIED","logoUrl":"https://coin-images.coingecko.com/coins/images/38524/large/_Pirate_Transparent_200x200.png?1717947813","isSpam":false,"__typename":"TokenProject"},"__typename":"Token"},{"id":"VG9rZW46RVRIRVJFVU1fMHg3NjFkMzhlNWRkZjZjY2Y2Y2Y3YzU1NzU5ZDUyMTA3NTBiNWQ2MGYz","address":"0x761D38e5ddf6ccf6Cf7c55759d5210750B5D60F3","chain":"ETHEREUM","symbol":"ELON","name":"Dogelon","decimals":18,"standard":"ERC20","project":{"id":"VG9rZW5Qcm9qZWN0OkVUSEVSRVVNXzB4NzYxZDM4ZTVkZGY2Y2NmNmNmN2M1NTc1OWQ1MjEwNzUwYjVkNjBmM19Eb2dlbG9uIE1hcnM=","name":"Dogelon Mars","logo":{"id":"SW1hZ2U6aHR0cHM6Ly9yYXcuZ2l0aHVidXNlcmNvbnRlbnQuY29tL1VuaXN3YXAvYXNzZXRzL21hc3Rlci9ibG9ja2NoYWlucy9ldGhlcmV1bS9hc3NldHMvMHg3NjFEMzhlNWRkZjZjY2Y2Q2Y3YzU1NzU5ZDUyMTA3NTBCNUQ2MEYzL2xvZ28ucG5n","url":"https://raw.githubusercontent.com/Uniswap/assets/master/blockchains/ethereum/assets/0x761D38e5ddf6ccf6Cf7c55759d5210750B5D60F3/logo.png","__typename":"Image"},"safetyLevel":"VERIFIED","logoUrl":"https://raw.githubusercontent.com/Uniswap/assets/master/blockchains/ethereum/assets/0x761D38e5ddf6ccf6Cf7c55759d5210750B5D60F3/logo.png","isSpam":false,"__typename":"TokenProject"},"__typename":"Token"},{"id":"VG9rZW46RVRIRVJFVU1fMHg3ZmM2NjUwMGM4NGE3NmFkN2U5YzkzNDM3YmZjNWFjMzNlMmRkYWU5","address":"0x7Fc66500c84A76Ad7e9c93437bFc5Ac33E2DDaE9","chain":"ETHEREUM","symbol":"AAVE","name":"Aave Token","decimals":18,"standard":"ERC20","project":{"id":"VG9rZW5Qcm9qZWN0OkVUSEVSRVVNXzB4N2ZjNjY1MDBjODRhNzZhZDdlOWM5MzQzN2JmYzVhYzMzZTJkZGFlOV9BYXZl","name":"Aave","logo":{"id":"SW1hZ2U6aHR0cHM6Ly9yYXcuZ2l0aHVidXNlcmNvbnRlbnQuY29tL1VuaXN3YXAvYXNzZXRzL21hc3Rlci9ibG9ja2NoYWlucy9ldGhlcmV1bS9hc3NldHMvMHg3RmM2NjUwMGM4NEE3NkFkN2U5YzkzNDM3YkZjNUFjMzNFMkREYUU5L2xvZ28ucG5n","url":"https://raw.githubusercontent.com/Uniswap/assets/master/blockchains/ethereum/assets/0x7Fc66500c84A76Ad7e9c93437bFc5Ac33E2DDaE9/logo.png","__typename":"Image"},"safetyLevel":"VERIFIED","logoUrl":"https://raw.githubusercontent.com/Uniswap/assets/master/blockchains/ethereum/assets/0x7Fc66500c84A76Ad7e9c93437bFc5Ac33E2DDaE9/logo.png","isSpam":false,"__typename":"TokenProject"},"__typename":"Token"},{"id":"VG9rZW46RVRIRVJFVU1fMHhkNTMzYTk0OTc0MGJiMzMwNmQxMTljYzc3N2ZhOTAwYmEwMzRjZDUy","address":"0xD533a949740bb3306d119CC777fa900bA034cd52","chain":"ETHEREUM","symbol":"CRV","name":"Curve DAO Token","decimals":18,"standard":"ERC20","project":{"id":"VG9rZW5Qcm9qZWN0OkVUSEVSRVVNXzB4ZDUzM2E5NDk3NDBiYjMzMDZkMTE5Y2M3NzdmYTkwMGJhMDM0Y2Q1Ml9DdXJ2ZSBEQU8=","name":"Curve DAO","logo":{"id":"SW1hZ2U6aHR0cHM6Ly9yYXcuZ2l0aHVidXNlcmNvbnRlbnQuY29tL1VuaXN3YXAvYXNzZXRzL21hc3Rlci9ibG9ja2NoYWlucy9ldGhlcmV1bS9hc3NldHMvMHhENTMzYTk0OTc0MGJiMzMwNmQxMTlDQzc3N2ZhOTAwYkEwMzRjZDUyL2xvZ28ucG5n","url":"https://raw.githubusercontent.com/Uniswap/assets/master/blockchains/ethereum/assets/0xD533a949740bb3306d119CC777fa900bA034cd52/logo.png","__typename":"Image"},"safetyLevel":"VERIFIED","logoUrl":"https://raw.githubusercontent.com/Uniswap/assets/master/blockchains/ethereum/assets/0xD533a949740bb3306d119CC777fa900bA034cd52/logo.png","isSpam":false,"__typename":"TokenProject"},"__typename":"Token"},{"id":"VG9rZW46RVRIRVJFVU1fMHg1YTk4ZmNiZWE1MTZjZjA2ODU3MjE1Nzc5ZmQ4MTJjYTNiZWYxYjMy","address":"0x5A98FcBEA516Cf06857215779Fd812CA3beF1B32","chain":"ETHEREUM","symbol":"LDO","name":"Lido DAO Token","decimals":18,"standard":"ERC20","project":{"id":"VG9rZW5Qcm9qZWN0OkVUSEVSRVVNXzB4NWE5OGZjYmVhNTE2Y2YwNjg1NzIxNTc3OWZkODEyY2EzYmVmMWIzMl9MaWRvIERBTw==","name":"Lido DAO","logo":{"id":"SW1hZ2U6aHR0cHM6Ly9yYXcuZ2l0aHVidXNlcmNvbnRlbnQuY29tL1VuaXN3YXAvYXNzZXRzL21hc3Rlci9ibG9ja2NoYWlucy9ldGhlcmV1bS9hc3NldHMvMHg1QTk4RmNCRUE1MTZDZjA2ODU3MjE1Nzc5RmQ4MTJDQTNiZUYxQjMyL2xvZ28ucG5n","url":"https://raw.githubusercontent.com/Uniswap/assets/master/blockchains/ethereum/assets/0x5A98FcBEA516Cf06857215779Fd812CA3beF1B32/logo.png","__typename":"Image"},"safetyLevel":"VERIFIED","logoUrl":"https://raw.githubusercontent.com/Uniswap/assets/master/blockchains/ethereum/assets/0x5A98FcBEA516Cf06857215779Fd812CA3beF1B32/logo.png","isSpam":false,"__typename":"TokenProject"},"__typename":"Token"},{"id":"VG9rZW46RVRIRVJFVU1fMHhlMjhiM2IzMmI2YzM0NWEzNGZmNjQ2NzQ2MDYxMjRkZDVhY2VjYTMw","address":"0xe28b3B32B6c345A34Ff64674606124Dd5Aceca30","chain":"ETHEREUM","symbol":"INJ","name":"Injective Token","decimals":18,"standard":"ERC20","project":{"id":"VG9rZW5Qcm9qZWN0OkVUSEVSRVVNXzB4ZTI4YjNiMzJiNmMzNDVhMzRmZjY0Njc0NjA2MTI0ZGQ1YWNlY2EzMF9JbmplY3RpdmU=","name":"Injective","logo":{"id":"SW1hZ2U6aHR0cHM6Ly9yYXcuZ2l0aHVidXNlcmNvbnRlbnQuY29tL1VuaXN3YXAvYXNzZXRzL21hc3Rlci9ibG9ja2NoYWlucy9ldGhlcmV1bS9hc3NldHMvMHhlMjhiM0IzMkI2YzM0NUEzNEZmNjQ2NzQ2MDYxMjREZDVBY2VjYTMwL2xvZ28ucG5n","url":"https://raw.githubusercontent.com/Uniswap/assets/master/blockchains/ethereum/assets/0xe28b3B32B6c345A34Ff64674606124Dd5Aceca30/logo.png","__typename":"Image"},"safetyLevel":"VERIFIED","logoUrl":"https://raw.githubusercontent.com/Uniswap/assets/master/blockchains/ethereum/assets/0xe28b3B32B6c345A34Ff64674606124Dd5Aceca30/logo.png","isSpam":false,"__typename":"TokenProject"},"__typename":"Token"},{"id":"VG9rZW46RVRIRVJFVU1fMHhiMjNkODBmNWZlZmNkZGFhMjEyMjEyZjAyODAyMWI0MWRlZDQyOGNm","address":"0xb23d80f5FefcDDaa212212F028021B41DEd428CF","chain":"ETHEREUM","symbol":"PRIME","name":"Prime","decimals":18,"standard":"ERC20","project":{"id":"VG9rZW5Qcm9qZWN0OkVUSEVSRVVNXzB4YjIzZDgwZjVmZWZjZGRhYTIxMjIxMmYwMjgwMjFiNDFkZWQ0MjhjZl9FY2hlbG9uIFByaW1l","name":"Echelon Prime","logo":{"id":"SW1hZ2U6aHR0cHM6Ly9jb2luLWltYWdlcy5jb2luZ2Vja28uY29tL2NvaW5zL2ltYWdlcy8yOTA1My9sYXJnZS9wcmltZS1sb2dvLXNtYWxsLWJvcmRlcl8lMjgyJTI5LnBuZz8xNjk2NTI4MDIw","url":"https://coin-images.coingecko.com/coins/images/29053/large/prime-logo-small-border_%282%29.png?1696528020","__typename":"Image"},"safetyLevel":"VERIFIED","logoUrl":"https://coin-images.coingecko.com/coins/images/29053/large/prime-logo-small-border_%282%29.png?1696528020","isSpam":false,"__typename":"TokenProject"},"__typename":"Token"},{"id":"VG9rZW46RVRIRVJFVU1fMHg2OTg1ODg0YzQzOTJkMzQ4NTg3YjE5Y2I5ZWFhZjE1N2YxMzI3MWNk","address":"0x6985884C4392D348587B19cb9eAAf157F13271cd","chain":"ETHEREUM","symbol":"ZRO","name":"LayerZero","decimals":18,"standard":"ERC20","project":{"id":"VG9rZW5Qcm9qZWN0OkVUSEVSRVVNXzB4Njk4NTg4NGM0MzkyZDM0ODU4N2IxOWNiOWVhYWYxNTdmMTMyNzFjZF9MYXllclplcm8=","name":"LayerZero","logo":{"id":"SW1hZ2U6aHR0cHM6Ly9jb2luLWltYWdlcy5jb2luZ2Vja28uY29tL2NvaW5zL2ltYWdlcy8yODIwNi9sYXJnZS9mdHhHOV9USl80MDB4NDAwLmpwZWc/MTY5NjUyNzIwOA==","url":"https://coin-images.coingecko.com/coins/images/28206/large/ftxG9_TJ_400x400.jpeg?1696527208","__typename":"Image"},"safetyLevel":"VERIFIED","logoUrl":"https://coin-images.coingecko.com/coins/images/28206/large/ftxG9_TJ_400x400.jpeg?1696527208","isSpam":false,"__typename":"TokenProject"},"__typename":"Token"},{"id":"VG9rZW46RVRIRVJFVU1fMHgxODA4NGZiYTY2NmEzM2QzNzU5MmZhMjYzM2ZkNDlhNzRkZDkzYTg4","address":"0x18084fbA666a33d37592fA2633fD49a74DD93a88","chain":"ETHEREUM","symbol":"tBTC","name":"tBTC v2","decimals":18,"standard":"ERC20","project":{"id":"VG9rZW5Qcm9qZWN0OkVUSEVSRVVNXzB4MTgwODRmYmE2NjZhMzNkMzc1OTJmYTI2MzNmZDQ5YTc0ZGQ5M2E4OF90QlRD","name":"tBTC","logo":{"id":"SW1hZ2U6aHR0cHM6Ly9yYXcuZ2l0aHVidXNlcmNvbnRlbnQuY29tL1VuaXN3YXAvYXNzZXRzL21hc3Rlci9ibG9ja2NoYWlucy9ldGhlcmV1bS9hc3NldHMvMHgxODA4NGZiQTY2NmEzM2QzNzU5MmZBMjYzM2ZENDlhNzRERDkzYTg4L2xvZ28ucG5n","url":"https://raw.githubusercontent.com/Uniswap/assets/master/blockchains/ethereum/assets/0x18084fbA666a33d37592fA2633fD49a74DD93a88/logo.png","__typename":"Image"},"safetyLevel":"VERIFIED","logoUrl":"https://raw.githubusercontent.com/Uniswap/assets/master/blockchains/ethereum/assets/0x18084fbA666a33d37592fA2633fD49a74DD93a88/logo.png","isSpam":false,"__typename":"TokenProject"},"__typename":"Token"},{"id":"VG9rZW46RVRIRVJFVU1fMHg5NWFkNjFiMGExNTBkNzkyMTlkY2Y2NGUxZTZjYzAxZjBiNjRjNGNl","address":"0x95aD61b0a150d79219dCF64E1E6Cc01f0B64C4cE","chain":"ETHEREUM","symbol":"SHIB","name":"SHIBA INU","decimals":18,"standard":"ERC20","project":{"id":"VG9rZW5Qcm9qZWN0OkVUSEVSRVVNXzB4OTVhZDYxYjBhMTUwZDc5MjE5ZGNmNjRlMWU2Y2MwMWYwYjY0YzRjZV9TaGliYSBJbnU=","name":"Shiba Inu","logo":{"id":"SW1hZ2U6aHR0cHM6Ly9yYXcuZ2l0aHVidXNlcmNvbnRlbnQuY29tL1VuaXN3YXAvYXNzZXRzL21hc3Rlci9ibG9ja2NoYWlucy9ldGhlcmV1bS9hc3NldHMvMHg5NWFENjFiMGExNTBkNzkyMTlkQ0Y2NEUxRTZDYzAxZjBCNjRDNGNFL2xvZ28ucG5n","url":"https://raw.githubusercontent.com/Uniswap/assets/master/blockchains/ethereum/assets/0x95aD61b0a150d79219dCF64E1E6Cc01f0B64C4cE/logo.png","__typename":"Image"},"safetyLevel":"VERIFIED","logoUrl":"https://raw.githubusercontent.com/Uniswap/assets/master/blockchains/ethereum/assets/0x95aD61b0a150d79219dCF64E1E6Cc01f0B64C4cE/logo.png","isSpam":false,"__typename":"TokenProject"},"__typename":"Token"},{"id":"VG9rZW46RVRIRVJFVU1fMHg2MjZlODAzNmRlYjMzM2I0MDhiZTQ2OGY5NTFiZGI0MjQzM2NiZjE4","address":"0x626E8036dEB333b408Be468F951bdB42433cBF18","chain":"ETHEREUM","symbol":"AIOZ","name":"AIOZ Network","decimals":18,"standard":"ERC20","project":{"id":"VG9rZW5Qcm9qZWN0OkVUSEVSRVVNXzB4NjI2ZTgwMzZkZWIzMzNiNDA4YmU0NjhmOTUxYmRiNDI0MzNjYmYxOF9BSU9aIE5ldHdvcms=","name":"AIOZ Network","logo":{"id":"SW1hZ2U6aHR0cHM6Ly9yYXcuZ2l0aHVidXNlcmNvbnRlbnQuY29tL1VuaXN3YXAvYXNzZXRzL21hc3Rlci9ibG9ja2NoYWlucy9ldGhlcmV1bS9hc3NldHMvMHg2MjZFODAzNmRFQjMzM2I0MDhCZTQ2OEY5NTFiZEI0MjQzM2NCRjE4L2xvZ28ucG5n","url":"https://raw.githubusercontent.com/Uniswap/assets/master/blockchains/ethereum/assets/0x626E8036dEB333b408Be468F951bdB42433cBF18/logo.png","__typename":"Image"},"safetyLevel":"VERIFIED","logoUrl":"https://raw.githubusercontent.com/Uniswap/assets/master/blockchains/ethereum/assets/0x626E8036dEB333b408Be468F951bdB42433cBF18/logo.png","isSpam":false,"__typename":"TokenProject"},"__typename":"Token"},{"id":"VG9rZW46RVRIRVJFVU1fMHhjMTgzNjAyMTdkOGY3YWI1ZTdjNTE2NTY2NzYxZWExMmNlN2Y5ZDcy","address":"0xC18360217D8F7Ab5e7c516566761Ea12Ce7F9D72","chain":"ETHEREUM","symbol":"ENS","name":"Ethereum Name Service","decimals":18,"standard":"ERC20","project":{"id":"VG9rZW5Qcm9qZWN0OkVUSEVSRVVNXzB4YzE4MzYwMjE3ZDhmN2FiNWU3YzUxNjU2Njc2MWVhMTJjZTdmOWQ3Ml9FdGhlcmV1bSBOYW1lIFNlcnZpY2U=","name":"Ethereum Name Service","logo":{"id":"SW1hZ2U6aHR0cHM6Ly9yYXcuZ2l0aHVidXNlcmNvbnRlbnQuY29tL1VuaXN3YXAvYXNzZXRzL21hc3Rlci9ibG9ja2NoYWlucy9ldGhlcmV1bS9hc3NldHMvMHhDMTgzNjAyMTdEOEY3QWI1ZTdjNTE2NTY2NzYxRWExMkNlN0Y5RDcyL2xvZ28ucG5n","url":"https://raw.githubusercontent.com/Uniswap/assets/master/blockchains/ethereum/assets/0xC18360217D8F7Ab5e7c516566761Ea12Ce7F9D72/logo.png","__typename":"Image"},"safetyLevel":"VERIFIED","logoUrl":"https://raw.githubusercontent.com/Uniswap/assets/master/blockchains/ethereum/assets/0xC18360217D8F7Ab5e7c516566761Ea12Ce7F9D72/logo.png","isSpam":false,"__typename":"TokenProject"},"__typename":"Token"},{"id":"VG9rZW46RVRIRVJFVU1fMHhkYWIzOTZjY2YzZDg0Y2YyZDA3YzQ0NTRlMTBjOGE2ZjViMDA4ZDJi","address":"0xdab396cCF3d84Cf2D07C4454e10C8A6F5b008D2b","chain":"ETHEREUM","symbol":"GFI","name":"Goldfinch","decimals":18,"standard":"ERC20","project":{"id":"VG9rZW5Qcm9qZWN0OkVUSEVSRVVNXzB4ZGFiMzk2Y2NmM2Q4NGNmMmQwN2M0NDU0ZTEwYzhhNmY1YjAwOGQyYl9Hb2xkZmluY2g=","name":"Goldfinch","logo":{"id":"SW1hZ2U6aHR0cHM6Ly9yYXcuZ2l0aHVidXNlcmNvbnRlbnQuY29tL1VuaXN3YXAvYXNzZXRzL21hc3Rlci9ibG9ja2NoYWlucy9ldGhlcmV1bS9hc3NldHMvMHhkYWIzOTZjQ0YzZDg0Q2YyRDA3QzQ0NTRlMTBDOEE2RjViMDA4RDJiL2xvZ28ucG5n","url":"https://raw.githubusercontent.com/Uniswap/assets/master/blockchains/ethereum/assets/0xdab396cCF3d84Cf2D07C4454e10C8A6F5b008D2b/logo.png","__typename":"Image"},"safetyLevel":"VERIFIED","logoUrl":"https://raw.githubusercontent.com/Uniswap/assets/master/blockchains/ethereum/assets/0xdab396cCF3d84Cf2D07C4454e10C8A6F5b008D2b/logo.png","isSpam":false,"__typename":"TokenProject"},"__typename":"Token"},{"id":"VG9rZW46RVRIRVJFVU1fMHg4M2U2ZjFlNDFjZGQyOGVhY2ViMjBjYjY0OTE1NTA0OWZhYzNkNWFh","address":"0x83e6f1E41cdd28eAcEB20Cb649155049Fac3D5Aa","chain":"ETHEREUM","symbol":"POLS","name":"Polkastarter","decimals":18,"standard":"ERC20","project":{"id":"VG9rZW5Qcm9qZWN0OkVUSEVSRVVNXzB4ODNlNmYxZTQxY2RkMjhlYWNlYjIwY2I2NDkxNTUwNDlmYWMzZDVhYV9Qb2xrYXN0YXJ0ZXI=","name":"Polkastarter","logo":{"id":"SW1hZ2U6aHR0cHM6Ly9yYXcuZ2l0aHVidXNlcmNvbnRlbnQuY29tL1VuaXN3YXAvYXNzZXRzL21hc3Rlci9ibG9ja2NoYWlucy9ldGhlcmV1bS9hc3NldHMvMHg4M2U2ZjFFNDFjZGQyOGVBY0VCMjBDYjY0OTE1NTA0OUZhYzNENUFhL2xvZ28ucG5n","url":"https://raw.githubusercontent.com/Uniswap/assets/master/blockchains/ethereum/assets/0x83e6f1E41cdd28eAcEB20Cb649155049Fac3D5Aa/logo.png","__typename":"Image"},"safetyLevel":"VERIFIED","logoUrl":"https://raw.githubusercontent.com/Uniswap/assets/master/blockchains/ethereum/assets/0x83e6f1E41cdd28eAcEB20Cb649155049Fac3D5Aa/logo.png","isSpam":false,"__typename":"TokenProject"},"__typename":"Token"},{"id":"VG9rZW46RVRIRVJFVU1fMHhjOTQ0ZTkwYzY0YjJjMDc2NjJhMjkyYmU2MjQ0YmRmMDVjZGE0NGE3","address":"0xc944E90C64B2c07662A292be6244BDf05Cda44a7","chain":"ETHEREUM","symbol":"GRT","name":"Graph Token","decimals":18,"standard":"ERC20","project":{"id":"VG9rZW5Qcm9qZWN0OkVUSEVSRVVNXzB4Yzk0NGU5MGM2NGIyYzA3NjYyYTI5MmJlNjI0NGJkZjA1Y2RhNDRhN19UaGUgR3JhcGg=","name":"The Graph","logo":{"id":"SW1hZ2U6aHR0cHM6Ly9yYXcuZ2l0aHVidXNlcmNvbnRlbnQuY29tL1VuaXN3YXAvYXNzZXRzL21hc3Rlci9ibG9ja2NoYWlucy9ldGhlcmV1bS9hc3NldHMvMHhjOTQ0RTkwQzY0QjJjMDc2NjJBMjkyYmU2MjQ0QkRmMDVDZGE0NGE3L2xvZ28ucG5n","url":"https://raw.githubusercontent.com/Uniswap/assets/master/blockchains/ethereum/assets/0xc944E90C64B2c07662A292be6244BDf05Cda44a7/logo.png","__typename":"Image"},"safetyLevel":"VERIFIED","logoUrl":"https://raw.githubusercontent.com/Uniswap/assets/master/blockchains/ethereum/assets/0xc944E90C64B2c07662A292be6244BDf05Cda44a7/logo.png","isSpam":false,"__typename":"TokenProject"},"__typename":"Token"},{"id":"VG9rZW46RVRIRVJFVU1fMHg0ZTE1MzYxZmQ2YjRiYjYwOWZhNjNjODFhMmJlMTlkODczNzE3ODcw","address":"0x4E15361FD6b4BB609Fa63C81A2be19d873717870","chain":"ETHEREUM","symbol":"FTM","name":"Fantom Token","decimals":18,"standard":"ERC20","project":{"id":"VG9rZW5Qcm9qZWN0OkVUSEVSRVVNXzB4NGUxNTM2MWZkNmI0YmI2MDlmYTYzYzgxYTJiZTE5ZDg3MzcxNzg3MF9XcmFwcGVkIEZhbnRvbQ==","name":"Wrapped Fantom","logo":{"id":"SW1hZ2U6aHR0cHM6Ly9yYXcuZ2l0aHVidXNlcmNvbnRlbnQuY29tL1VuaXN3YXAvYXNzZXRzL21hc3Rlci9ibG9ja2NoYWlucy9ldGhlcmV1bS9hc3NldHMvMHg0RTE1MzYxRkQ2YjRCQjYwOUZhNjNDODFBMmJlMTlkODczNzE3ODcwL2xvZ28ucG5n","url":"https://raw.githubusercontent.com/Uniswap/assets/master/blockchains/ethereum/assets/0x4E15361FD6b4BB609Fa63C81A2be19d873717870/logo.png","__typename":"Image"},"safetyLevel":"VERIFIED","logoUrl":"https://raw.githubusercontent.com/Uniswap/assets/master/blockchains/ethereum/assets/0x4E15361FD6b4BB609Fa63C81A2be19d873717870/logo.png","isSpam":false,"__typename":"TokenProject"},"__typename":"Token"},{"id":"VG9rZW46RVRIRVJFVU1fMHgzNDcyYTVhNzE5NjU0OTlhY2Q4MTk5N2E1NGJiYThkODUyYzZlNTNk","address":"0x3472A5A71965499acd81997a54BBA8D852C6E53d","chain":"ETHEREUM","symbol":"BADGER","name":"Badger","decimals":18,"standard":"ERC20","project":{"id":"VG9rZW5Qcm9qZWN0OkVUSEVSRVVNXzB4MzQ3MmE1YTcxOTY1NDk5YWNkODE5OTdhNTRiYmE4ZDg1MmM2ZTUzZF9CYWRnZXI=","name":"Badger","logo":{"id":"SW1hZ2U6aHR0cHM6Ly9yYXcuZ2l0aHVidXNlcmNvbnRlbnQuY29tL1VuaXN3YXAvYXNzZXRzL21hc3Rlci9ibG9ja2NoYWlucy9ldGhlcmV1bS9hc3NldHMvMHgzNDcyQTVBNzE5NjU0OTlhY2Q4MTk5N2E1NEJCQThEODUyQzZFNTNkL2xvZ28ucG5n","url":"https://raw.githubusercontent.com/Uniswap/assets/master/blockchains/ethereum/assets/0x3472A5A71965499acd81997a54BBA8D852C6E53d/logo.png","__typename":"Image"},"safetyLevel":"VERIFIED","logoUrl":"https://raw.githubusercontent.com/Uniswap/assets/master/blockchains/ethereum/assets/0x3472A5A71965499acd81997a54BBA8D852C6E53d/logo.png","isSpam":false,"__typename":"TokenProject"},"__typename":"Token"},{"id":"VG9rZW46RVRIRVJFVU1fMHg0NTgwNDg4MGRlMjI5MTNkYWZlMDlmNDk4MDg0OGVjZTZlY2JhZjc4","address":"0x45804880De22913dAFE09f4980848ECE6EcbAf78","chain":"ETHEREUM","symbol":"PAXG","name":"PAX Gold","decimals":18,"standard":"ERC20","project":{"id":"VG9rZW5Qcm9qZWN0OkVUSEVSRVVNXzB4NDU4MDQ4ODBkZTIyOTEzZGFmZTA5ZjQ5ODA4NDhlY2U2ZWNiYWY3OF9QQVggR29sZA==","name":"PAX Gold","logo":{"id":"SW1hZ2U6aHR0cHM6Ly9yYXcuZ2l0aHVidXNlcmNvbnRlbnQuY29tL1VuaXN3YXAvYXNzZXRzL21hc3Rlci9ibG9ja2NoYWlucy9ldGhlcmV1bS9hc3NldHMvMHg0NTgwNDg4MERlMjI5MTNkQUZFMDlmNDk4MDg0OEVDRTZFY2JBZjc4L2xvZ28ucG5n","url":"https://raw.githubusercontent.com/Uniswap/assets/master/blockchains/ethereum/assets/0x45804880De22913dAFE09f4980848ECE6EcbAf78/logo.png","__typename":"Image"},"safetyLevel":"VERIFIED","logoUrl":"https://raw.githubusercontent.com/Uniswap/assets/master/blockchains/ethereum/assets/0x45804880De22913dAFE09f4980848ECE6EcbAf78/logo.png","isSpam":false,"__typename":"TokenProject"},"__typename":"Token"},{"id":"VG9rZW46RVRIRVJFVU1fMHhlNDFkMjQ4OTU3MWQzMjIxODkyNDZkYWZhNWViZGUxZjQ2OTlmNDk4","address":"0xE41d2489571d322189246DaFA5ebDe1F4699F498","chain":"ETHEREUM","symbol":"ZRX","name":"0x Protocol Token","decimals":18,"standard":"ERC20","project":{"id":"VG9rZW5Qcm9qZWN0OkVUSEVSRVVNXzB4ZTQxZDI0ODk1NzFkMzIyMTg5MjQ2ZGFmYTVlYmRlMWY0Njk5ZjQ5OF8weCBQcm90b2NvbA==","name":"0x Protocol","logo":{"id":"SW1hZ2U6aHR0cHM6Ly9yYXcuZ2l0aHVidXNlcmNvbnRlbnQuY29tL1VuaXN3YXAvYXNzZXRzL21hc3Rlci9ibG9ja2NoYWlucy9ldGhlcmV1bS9hc3NldHMvMHhFNDFkMjQ4OTU3MWQzMjIxODkyNDZEYUZBNWViRGUxRjQ2OTlGNDk4L2xvZ28ucG5n","url":"https://raw.githubusercontent.com/Uniswap/assets/master/blockchains/ethereum/assets/0xE41d2489571d322189246DaFA5ebDe1F4699F498/logo.png","__typename":"Image"},"safetyLevel":"VERIFIED","logoUrl":"https://raw.githubusercontent.com/Uniswap/assets/master/blockchains/ethereum/assets/0xE41d2489571d322189246DaFA5ebDe1F4699F498/logo.png","isSpam":false,"__typename":"TokenProject"},"__typename":"Token"},{"id":"VG9rZW46RVRIRVJFVU1fMHgxYWJhZWExZjdjODMwYmQ4OWFjYzY3ZWM0YWY1MTYyODRiMWJjMzNj","address":"0x1aBaEA1f7C830bD89Acc67eC4af516284b1bC33c","chain":"ETHEREUM","symbol":"EUROC","name":"Euro Coin","decimals":6,"standard":"ERC20","project":{"id":"VG9rZW5Qcm9qZWN0OkVUSEVSRVVNXzB4MWFiYWVhMWY3YzgzMGJkODlhY2M2N2VjNGFmNTE2Mjg0YjFiYzMzY19FVVJD","name":"EURC","logo":{"id":"SW1hZ2U6aHR0cHM6Ly9yYXcuZ2l0aHVidXNlcmNvbnRlbnQuY29tL1VuaXN3YXAvYXNzZXRzL21hc3Rlci9ibG9ja2NoYWlucy9ldGhlcmV1bS9hc3NldHMvMHgxYUJhRUExZjdDODMwYkQ4OUFjYzY3ZUM0YWY1MTYyODRiMWJDMzNjL2xvZ28ucG5n","url":"https://raw.githubusercontent.com/Uniswap/assets/master/blockchains/ethereum/assets/0x1aBaEA1f7C830bD89Acc67eC4af516284b1bC33c/logo.png","__typename":"Image"},"safetyLevel":"VERIFIED","logoUrl":"https://raw.githubusercontent.com/Uniswap/assets/master/blockchains/ethereum/assets/0x1aBaEA1f7C830bD89Acc67eC4af516284b1bC33c/logo.png","isSpam":false,"__typename":"TokenProject"},"__typename":"Token"},{"id":"VG9rZW46RVRIRVJFVU1fMHg0Njc3MTlhZDA5MDI1ZmNjNmNmNmY4MzExNzU1ODA5ZDQ1YTVlNWYz","address":"0x467719aD09025FcC6cF6F8311755809d45a5E5f3","chain":"ETHEREUM","symbol":"AXL","name":"Axelar","decimals":6,"standard":"ERC20","project":{"id":"VG9rZW5Qcm9qZWN0OkVUSEVSRVVNXzB4NDY3NzE5YWQwOTAyNWZjYzZjZjZmODMxMTc1NTgwOWQ0NWE1ZTVmM19BeGVsYXI=","name":"Axelar","logo":{"id":"SW1hZ2U6aHR0cHM6Ly9yYXcuZ2l0aHVidXNlcmNvbnRlbnQuY29tL1VuaXN3YXAvYXNzZXRzL21hc3Rlci9ibG9ja2NoYWlucy9ldGhlcmV1bS9hc3NldHMvMHg0Njc3MTlhRDA5MDI1RmNDNmNGNkY4MzExNzU1ODA5ZDQ1YTVFNWYzL2xvZ28ucG5n","url":"https://raw.githubusercontent.com/Uniswap/assets/master/blockchains/ethereum/assets/0x467719aD09025FcC6cF6F8311755809d45a5E5f3/logo.png","__typename":"Image"},"safetyLevel":"VERIFIED","logoUrl":"https://raw.githubusercontent.com/Uniswap/assets/master/blockchains/ethereum/assets/0x467719aD09025FcC6cF6F8311755809d45a5E5f3/logo.png","isSpam":false,"__typename":"TokenProject"},"__typename":"Token"},{"id":"VG9rZW46RVRIRVJFVU1fMHg3NDIwYjRiOWEwMTEwY2RjNzFmYjcyMDkwODM0MGMwM2Y5YmMwM2Vj","address":"0x7420B4b9a0110cdC71fB720908340C03F9Bc03EC","chain":"ETHEREUM","symbol":"JASMY","name":"JasmyCoin","decimals":18,"standard":"ERC20","project":{"id":"VG9rZW5Qcm9qZWN0OkVUSEVSRVVNXzB4NzQyMGI0YjlhMDExMGNkYzcxZmI3MjA5MDgzNDBjMDNmOWJjMDNlY19KYXNteUNvaW4=","name":"JasmyCoin","logo":{"id":"SW1hZ2U6aHR0cHM6Ly9yYXcuZ2l0aHVidXNlcmNvbnRlbnQuY29tL1VuaXN3YXAvYXNzZXRzL21hc3Rlci9ibG9ja2NoYWlucy9ldGhlcmV1bS9hc3NldHMvMHg3NDIwQjRiOWEwMTEwY2RDNzFmQjcyMDkwODM0MEMwM0Y5QmMwM0VDL2xvZ28ucG5n","url":"https://raw.githubusercontent.com/Uniswap/assets/master/blockchains/ethereum/assets/0x7420B4b9a0110cdC71fB720908340C03F9Bc03EC/logo.png","__typename":"Image"},"safetyLevel":"VERIFIED","logoUrl":"https://raw.githubusercontent.com/Uniswap/assets/master/blockchains/ethereum/assets/0x7420B4b9a0110cdC71fB720908340C03F9Bc03EC/logo.png","isSpam":false,"__typename":"TokenProject"},"__typename":"Token"},{"id":"VG9rZW46RVRIRVJFVU1fMHgwMzdhNTRhYWIwNjI2MjhjOWJiYWUxZmRiMTU4M2MxOTU1ODVmZTQx","address":"0x037A54AaB062628C9Bbae1FDB1583c195585fe41","chain":"ETHEREUM","symbol":"LCX","name":"LCX","decimals":18,"standard":"ERC20","project":{"id":"VG9rZW5Qcm9qZWN0OkVUSEVSRVVNXzB4MDM3YTU0YWFiMDYyNjI4YzliYmFlMWZkYjE1ODNjMTk1NTg1ZmU0MV9MQ1g=","name":"LCX","logo":{"id":"SW1hZ2U6aHR0cHM6Ly9yYXcuZ2l0aHVidXNlcmNvbnRlbnQuY29tL1VuaXN3YXAvYXNzZXRzL21hc3Rlci9ibG9ja2NoYWlucy9ldGhlcmV1bS9hc3NldHMvMHgwMzdBNTRBYUIwNjI2MjhDOUJiYWUxRkRCMTU4M2MxOTU1ODVmZTQxL2xvZ28ucG5n","url":"https://raw.githubusercontent.com/Uniswap/assets/master/blockchains/ethereum/assets/0x037A54AaB062628C9Bbae1FDB1583c195585fe41/logo.png","__typename":"Image"},"safetyLevel":"VERIFIED","logoUrl":"https://raw.githubusercontent.com/Uniswap/assets/master/blockchains/ethereum/assets/0x037A54AaB062628C9Bbae1FDB1583c195585fe41/logo.png","isSpam":false,"__typename":"TokenProject"},"__typename":"Token"},{"id":"VG9rZW46RVRIRVJFVU1fMHhlNTNlYzcyN2RiZGViOWUyZDU0NTZjM2JlNDBjZmYwMzFhYjQwYTU1","address":"0xe53EC727dbDEB9E2d5456c3be40cFF031AB40A55","chain":"ETHEREUM","symbol":"SUPER","name":"SuperFarm","decimals":18,"standard":"ERC20","project":{"id":"VG9rZW5Qcm9qZWN0OkVUSEVSRVVNXzB4ZTUzZWM3MjdkYmRlYjllMmQ1NDU2YzNiZTQwY2ZmMDMxYWI0MGE1NV9TdXBlclZlcnNl","name":"SuperVerse","logo":{"id":"SW1hZ2U6aHR0cHM6Ly9yYXcuZ2l0aHVidXNlcmNvbnRlbnQuY29tL1VuaXN3YXAvYXNzZXRzL21hc3Rlci9ibG9ja2NoYWlucy9ldGhlcmV1bS9hc3NldHMvMHhlNTNFQzcyN2RiREVCOUUyZDU0NTZjM2JlNDBjRkYwMzFBQjQwQTU1L2xvZ28ucG5n","url":"https://raw.githubusercontent.com/Uniswap/assets/master/blockchains/ethereum/assets/0xe53EC727dbDEB9E2d5456c3be40cFF031AB40A55/logo.png","__typename":"Image"},"safetyLevel":"VERIFIED","logoUrl":"https://raw.githubusercontent.com/Uniswap/assets/master/blockchains/ethereum/assets/0xe53EC727dbDEB9E2d5456c3be40cFF031AB40A55/logo.png","isSpam":false,"__typename":"TokenProject"},"__typename":"Token"},{"id":"VG9rZW46RVRIRVJFVU1fMHhmNTdlN2U3YzIzOTc4YzNjYWVjM2MzNTQ4ZTNkNjE1YzM0NmU3OWZm","address":"0xF57e7e7C23978C3cAEC3C3548E3D615c346e79fF","chain":"ETHEREUM","symbol":"IMX","name":"Immutable X","decimals":18,"standard":"ERC20","project":{"id":"VG9rZW5Qcm9qZWN0OkVUSEVSRVVNXzB4ZjU3ZTdlN2MyMzk3OGMzY2FlYzNjMzU0OGUzZDYxNWMzNDZlNzlmZl9JbW11dGFibGU=","name":"Immutable","logo":{"id":"SW1hZ2U6aHR0cHM6Ly9yYXcuZ2l0aHVidXNlcmNvbnRlbnQuY29tL1VuaXN3YXAvYXNzZXRzL21hc3Rlci9ibG9ja2NoYWlucy9ldGhlcmV1bS9hc3NldHMvMHhGNTdlN2U3QzIzOTc4QzNjQUVDM0MzNTQ4RTNENjE1YzM0NmU3OWZGL2xvZ28ucG5n","url":"https://raw.githubusercontent.com/Uniswap/assets/master/blockchains/ethereum/assets/0xF57e7e7C23978C3cAEC3C3548E3D615c346e79fF/logo.png","__typename":"Image"},"safetyLevel":"VERIFIED","logoUrl":"https://raw.githubusercontent.com/Uniswap/assets/master/blockchains/ethereum/assets/0xF57e7e7C23978C3cAEC3C3548E3D615c346e79fF/logo.png","isSpam":false,"__typename":"TokenProject"},"__typename":"Token"},{"id":"VG9rZW46RVRIRVJFVU1fMHg0NjkxOTM3YTc1MDg4NjBmODc2YzljMGEyYTYxN2U3ZDllOTQ1ZDRi","address":"0x4691937a7508860F876c9c0a2a617E7d9E945D4B","chain":"ETHEREUM","symbol":"WOO","name":"Wootrade Network","decimals":18,"standard":"ERC20","project":{"id":"VG9rZW5Qcm9qZWN0OkVUSEVSRVVNXzB4NDY5MTkzN2E3NTA4ODYwZjg3NmM5YzBhMmE2MTdlN2Q5ZTk0NWQ0Yl9XT08=","name":"WOO","logo":{"id":"SW1hZ2U6aHR0cHM6Ly9yYXcuZ2l0aHVidXNlcmNvbnRlbnQuY29tL1VuaXN3YXAvYXNzZXRzL21hc3Rlci9ibG9ja2NoYWlucy9ldGhlcmV1bS9hc3NldHMvMHg0NjkxOTM3YTc1MDg4NjBGODc2YzljMGEyYTYxN0U3ZDlFOTQ1RDRCL2xvZ28ucG5n","url":"https://raw.githubusercontent.com/Uniswap/assets/master/blockchains/ethereum/assets/0x4691937a7508860F876c9c0a2a617E7d9E945D4B/logo.png","__typename":"Image"},"safetyLevel":"VERIFIED","logoUrl":"https://raw.githubusercontent.com/Uniswap/assets/master/blockchains/ethereum/assets/0x4691937a7508860F876c9c0a2a617E7d9E945D4B/logo.png","isSpam":false,"__typename":"TokenProject"},"__typename":"Token"},{"id":"VG9rZW46RVRIRVJFVU1fMHg0YTIyMGU2MDk2YjI1ZWFkYjg4MzU4Y2I0NDA2OGEzMjQ4MjU0Njc1","address":"0x4a220E6096B25EADb88358cb44068A3248254675","chain":"ETHEREUM","symbol":"QNT","name":"Quant","decimals":18,"standard":"ERC20","project":{"id":"VG9rZW5Qcm9qZWN0OkVUSEVSRVVNXzB4NGEyMjBlNjA5NmIyNWVhZGI4ODM1OGNiNDQwNjhhMzI0ODI1NDY3NV9RdWFudA==","name":"Quant","logo":{"id":"SW1hZ2U6aHR0cHM6Ly9yYXcuZ2l0aHVidXNlcmNvbnRlbnQuY29tL1VuaXN3YXAvYXNzZXRzL21hc3Rlci9ibG9ja2NoYWlucy9ldGhlcmV1bS9hc3NldHMvMHg0YTIyMEU2MDk2QjI1RUFEYjg4MzU4Y2I0NDA2OEEzMjQ4MjU0Njc1L2xvZ28ucG5n","url":"https://raw.githubusercontent.com/Uniswap/assets/master/blockchains/ethereum/assets/0x4a220E6096B25EADb88358cb44068A3248254675/logo.png","__typename":"Image"},"safetyLevel":"VERIFIED","logoUrl":"https://raw.githubusercontent.com/Uniswap/assets/master/blockchains/ethereum/assets/0x4a220E6096B25EADb88358cb44068A3248254675/logo.png","isSpam":false,"__typename":"TokenProject"},"__typename":"Token"},{"id":"VG9rZW46RVRIRVJFVU1fMHhhYTdhOWNhODdkMzY5NGI1NzU1ZjIxM2I1ZDA0MDk0YjhkMGYwYTZm","address":"0xaA7a9CA87d3694B5755f213B5D04094b8d0F0A6F","chain":"ETHEREUM","symbol":"TRAC","name":"Trace Token","decimals":18,"standard":"ERC20","project":{"id":"VG9rZW5Qcm9qZWN0OkVUSEVSRVVNXzB4YWE3YTljYTg3ZDM2OTRiNTc1NWYyMTNiNWQwNDA5NGI4ZDBmMGE2Zl9PcmlnaW5UcmFpbA==","name":"OriginTrail","logo":{"id":"SW1hZ2U6aHR0cHM6Ly9yYXcuZ2l0aHVidXNlcmNvbnRlbnQuY29tL1VuaXN3YXAvYXNzZXRzL21hc3Rlci9ibG9ja2NoYWlucy9ldGhlcmV1bS9hc3NldHMvMHhhQTdhOUNBODdkMzY5NEI1NzU1ZjIxM0I1RDA0MDk0YjhkMEYwQTZGL2xvZ28ucG5n","url":"https://raw.githubusercontent.com/Uniswap/assets/master/blockchains/ethereum/assets/0xaA7a9CA87d3694B5755f213B5D04094b8d0F0A6F/logo.png","__typename":"Image"},"safetyLevel":"VERIFIED","logoUrl":"https://raw.githubusercontent.com/Uniswap/assets/master/blockchains/ethereum/assets/0xaA7a9CA87d3694B5755f213B5D04094b8d0F0A6F/logo.png","isSpam":false,"__typename":"TokenProject"},"__typename":"Token"},{"id":"VG9rZW46RVRIRVJFVU1fMHhmMjkzZDIzYmYyY2RjMDU0MTFjYTBlZGRkNTg4ZWIxOTc3ZThkY2Q0","address":"0xf293d23BF2CDc05411Ca0edDD588eb1977e8dcd4","chain":"ETHEREUM","symbol":"SYLO","name":"Sylo","decimals":18,"standard":"ERC20","project":{"id":"VG9rZW5Qcm9qZWN0OkVUSEVSRVVNXzB4ZjI5M2QyM2JmMmNkYzA1NDExY2EwZWRkZDU4OGViMTk3N2U4ZGNkNF9TeWxv","name":"Sylo","logo":{"id":"SW1hZ2U6aHR0cHM6Ly9yYXcuZ2l0aHVidXNlcmNvbnRlbnQuY29tL1VuaXN3YXAvYXNzZXRzL21hc3Rlci9ibG9ja2NoYWlucy9ldGhlcmV1bS9hc3NldHMvMHhmMjkzZDIzQkYyQ0RjMDU0MTFDYTBlZERENTg4ZWIxOTc3ZThkY2Q0L2xvZ28ucG5n","url":"https://raw.githubusercontent.com/Uniswap/assets/master/blockchains/ethereum/assets/0xf293d23BF2CDc05411Ca0edDD588eb1977e8dcd4/logo.png","__typename":"Image"},"safetyLevel":"VERIFIED","logoUrl":"https://raw.githubusercontent.com/Uniswap/assets/master/blockchains/ethereum/assets/0xf293d23BF2CDc05411Ca0edDD588eb1977e8dcd4/logo.png","isSpam":false,"__typename":"TokenProject"},"__typename":"Token"},{"id":"VG9rZW46RVRIRVJFVU1fMHg5NjdkYTQwNDhjZDA3YWIzNzg1NWMwOTBhYWYzNjZlNGNlMWI5ZjQ4","address":"0x967da4048cD07aB37855c090aAF366e4ce1b9F48","chain":"ETHEREUM","symbol":"OCEAN","name":"Ocean Token","decimals":18,"standard":"ERC20","project":{"id":"VG9rZW5Qcm9qZWN0OkVUSEVSRVVNXzB4OTY3ZGE0MDQ4Y2QwN2FiMzc4NTVjMDkwYWFmMzY2ZTRjZTFiOWY0OF9PY2VhbiBQcm90b2NvbA==","name":"Ocean Protocol","logo":{"id":"SW1hZ2U6aHR0cHM6Ly9yYXcuZ2l0aHVidXNlcmNvbnRlbnQuY29tL1VuaXN3YXAvYXNzZXRzL21hc3Rlci9ibG9ja2NoYWlucy9ldGhlcmV1bS9hc3NldHMvMHg5NjdkYTQwNDhjRDA3YUIzNzg1NWMwOTBhQUYzNjZlNGNlMWI5RjQ4L2xvZ28ucG5n","url":"https://raw.githubusercontent.com/Uniswap/assets/master/blockchains/ethereum/assets/0x967da4048cD07aB37855c090aAF366e4ce1b9F48/logo.png","__typename":"Image"},"safetyLevel":"VERIFIED","logoUrl":"https://raw.githubusercontent.com/Uniswap/assets/master/blockchains/ethereum/assets/0x967da4048cD07aB37855c090aAF366e4ce1b9F48/logo.png","isSpam":false,"__typename":"TokenProject"},"__typename":"Token"},{"id":"VG9rZW46RVRIRVJFVU1fMHg5ZTMyYjEzY2U3ZjJlODBhMDE5MzJiNDI1NTM2NTJlMDUzZDZlZDhl","address":"0x9E32b13ce7f2E80A01932B42553652E053D6ed8e","chain":"ETHEREUM","symbol":"Metis","name":"Metis Token","decimals":18,"standard":"ERC20","project":{"id":"VG9rZW5Qcm9qZWN0OkVUSEVSRVVNXzB4OWUzMmIxM2NlN2YyZTgwYTAxOTMyYjQyNTUzNjUyZTA1M2Q2ZWQ4ZV9NZXRpcw==","name":"Metis","logo":{"id":"SW1hZ2U6aHR0cHM6Ly9yYXcuZ2l0aHVidXNlcmNvbnRlbnQuY29tL1VuaXN3YXAvYXNzZXRzL21hc3Rlci9ibG9ja2NoYWlucy9ldGhlcmV1bS9hc3NldHMvMHg5RTMyYjEzY2U3ZjJFODBBMDE5MzJCNDI1NTM2NTJFMDUzRDZlZDhlL2xvZ28ucG5n","url":"https://raw.githubusercontent.com/Uniswap/assets/master/blockchains/ethereum/assets/0x9E32b13ce7f2E80A01932B42553652E053D6ed8e/logo.png","__typename":"Image"},"safetyLevel":"VERIFIED","logoUrl":"https://raw.githubusercontent.com/Uniswap/assets/master/blockchains/ethereum/assets/0x9E32b13ce7f2E80A01932B42553652E053D6ed8e/logo.png","isSpam":false,"__typename":"TokenProject"},"__typename":"Token"},{"id":"VG9rZW46RVRIRVJFVU1fMHgzYjUwODA1NDUzMDIzYTkxYThiZjY0MWUyNzk0MDFhMGIyM2ZhNmY5","address":"0x3B50805453023a91a8bf641e279401a0b23FA6F9","chain":"ETHEREUM","symbol":"REZ","name":"Renzo","decimals":18,"standard":"ERC20","project":{"id":"VG9rZW5Qcm9qZWN0OkVUSEVSRVVNXzB4M2I1MDgwNTQ1MzAyM2E5MWE4YmY2NDFlMjc5NDAxYTBiMjNmYTZmOV9SZW56bw==","name":"Renzo","logo":{"id":"SW1hZ2U6aHR0cHM6Ly9jb2luLWltYWdlcy5jb2luZ2Vja28uY29tL2NvaW5zL2ltYWdlcy8zNzMyNy9sYXJnZS9yZW56b18yMDB4MjAwLnBuZz8xNzE0MDI1MDEy","url":"https://coin-images.coingecko.com/coins/images/37327/large/renzo_200x200.png?1714025012","__typename":"Image"},"safetyLevel":"VERIFIED","logoUrl":"https://coin-images.coingecko.com/coins/images/37327/large/renzo_200x200.png?1714025012","isSpam":false,"__typename":"TokenProject"},"__typename":"Token"},{"id":"VG9rZW46RVRIRVJFVU1fMHg1Zjk4ODA1YTRlOGJlMjU1YTMyODgwZmRlYzdmNjcyOGM2NTY4YmEw","address":"0x5f98805A4E8be255a32880FDeC7F6728C6568bA0","chain":"ETHEREUM","symbol":"LUSD","name":"Liquity USD","decimals":18,"standard":"ERC20","project":{"id":"VG9rZW5Qcm9qZWN0OkVUSEVSRVVNXzB4NWY5ODgwNWE0ZThiZTI1NWEzMjg4MGZkZWM3ZjY3MjhjNjU2OGJhMF9MaXF1aXR5IFVTRA==","name":"Liquity USD","logo":{"id":"SW1hZ2U6aHR0cHM6Ly9yYXcuZ2l0aHVidXNlcmNvbnRlbnQuY29tL1VuaXN3YXAvYXNzZXRzL21hc3Rlci9ibG9ja2NoYWlucy9ldGhlcmV1bS9hc3NldHMvMHg1Zjk4ODA1QTRFOGJlMjU1YTMyODgwRkRlQzdGNjcyOEM2NTY4YkEwL2xvZ28ucG5n","url":"https://raw.githubusercontent.com/Uniswap/assets/master/blockchains/ethereum/assets/0x5f98805A4E8be255a32880FDeC7F6728C6568bA0/logo.png","__typename":"Image"},"safetyLevel":"VERIFIED","logoUrl":"https://raw.githubusercontent.com/Uniswap/assets/master/blockchains/ethereum/assets/0x5f98805A4E8be255a32880FDeC7F6728C6568bA0/logo.png","isSpam":false,"__typename":"TokenProject"},"__typename":"Token"},{"id":"VG9rZW46RVRIRVJFVU1fMHgzMzM0OWIyODIwNjViMDI4NGQ3NTZmMDU3N2ZiMzljMTU4ZjkzNWU2","address":"0x33349B282065b0284d756F0577FB39c158F935e6","chain":"ETHEREUM","symbol":"MPL","name":"Maple Token","decimals":18,"standard":"ERC20","project":{"id":"VG9rZW5Qcm9qZWN0OkVUSEVSRVVNXzB4MzMzNDliMjgyMDY1YjAyODRkNzU2ZjA1NzdmYjM5YzE1OGY5MzVlNl9NYXBsZQ==","name":"Maple","logo":{"id":"SW1hZ2U6aHR0cHM6Ly9yYXcuZ2l0aHVidXNlcmNvbnRlbnQuY29tL1VuaXN3YXAvYXNzZXRzL21hc3Rlci9ibG9ja2NoYWlucy9ldGhlcmV1bS9hc3NldHMvMHgzMzM0OUIyODIwNjViMDI4NGQ3NTZGMDU3N0ZCMzljMTU4RjkzNWU2L2xvZ28ucG5n","url":"https://raw.githubusercontent.com/Uniswap/assets/master/blockchains/ethereum/assets/0x33349B282065b0284d756F0577FB39c158F935e6/logo.png","__typename":"Image"},"safetyLevel":"VERIFIED","logoUrl":"https://raw.githubusercontent.com/Uniswap/assets/master/blockchains/ethereum/assets/0x33349B282065b0284d756F0577FB39c158F935e6/logo.png","isSpam":false,"__typename":"TokenProject"},"__typename":"Token"},{"id":"VG9rZW46RVRIRVJFVU1fMHg0ZTNmYmQ1NmNkNTZjM2U3MmMxNDAzZTEwM2I0NWRiOWRhNWI5ZDJi","address":"0x4e3FBD56CD56c3e72c1403e103b45Db9da5B9D2B","chain":"ETHEREUM","symbol":"CVX","name":"Convex Finance","decimals":18,"standard":"ERC20","project":{"id":"VG9rZW5Qcm9qZWN0OkVUSEVSRVVNXzB4NGUzZmJkNTZjZDU2YzNlNzJjMTQwM2UxMDNiNDVkYjlkYTViOWQyYl9Db252ZXggRmluYW5jZQ==","name":"Convex Finance","logo":{"id":"SW1hZ2U6aHR0cHM6Ly9yYXcuZ2l0aHVidXNlcmNvbnRlbnQuY29tL1VuaXN3YXAvYXNzZXRzL21hc3Rlci9ibG9ja2NoYWlucy9ldGhlcmV1bS9hc3NldHMvMHg0ZTNGQkQ1NkNENTZjM2U3MmMxNDAzZTEwM2I0NURiOWRhNUI5RDJCL2xvZ28ucG5n","url":"https://raw.githubusercontent.com/Uniswap/assets/master/blockchains/ethereum/assets/0x4e3FBD56CD56c3e72c1403e103b45Db9da5B9D2B/logo.png","__typename":"Image"},"safetyLevel":"VERIFIED","logoUrl":"https://raw.githubusercontent.com/Uniswap/assets/master/blockchains/ethereum/assets/0x4e3FBD56CD56c3e72c1403e103b45Db9da5B9D2B/logo.png","isSpam":false,"__typename":"TokenProject"},"__typename":"Token"},{"id":"VG9rZW46RVRIRVJFVU1fMHg3MGU4ZGU3M2NlNTM4ZGEyYmVlZDM1ZDE0MTg3ZjY5NTlhOGVjYTk2","address":"0x70e8dE73cE538DA2bEEd35d14187F6959a8ecA96","chain":"ETHEREUM","symbol":"XSGD","name":"XSGD","decimals":6,"standard":"ERC20","project":{"id":"VG9rZW5Qcm9qZWN0OkVUSEVSRVVNXzB4NzBlOGRlNzNjZTUzOGRhMmJlZWQzNWQxNDE4N2Y2OTU5YThlY2E5Nl9YU0dE","name":"XSGD","logo":{"id":"SW1hZ2U6aHR0cHM6Ly9yYXcuZ2l0aHVidXNlcmNvbnRlbnQuY29tL1VuaXN3YXAvYXNzZXRzL21hc3Rlci9ibG9ja2NoYWlucy9ldGhlcmV1bS9hc3NldHMvMHg3MGU4ZEU3M2NFNTM4REEyYkVFZDM1ZDE0MTg3RjY5NTlhOGVjQTk2L2xvZ28ucG5n","url":"https://raw.githubusercontent.com/Uniswap/assets/master/blockchains/ethereum/assets/0x70e8dE73cE538DA2bEEd35d14187F6959a8ecA96/logo.png","__typename":"Image"},"safetyLevel":"VERIFIED","logoUrl":"https://raw.githubusercontent.com/Uniswap/assets/master/blockchains/ethereum/assets/0x70e8dE73cE538DA2bEEd35d14187F6959a8ecA96/logo.png","isSpam":false,"__typename":"TokenProject"},"__typename":"Token"},{"id":"VG9rZW46RVRIRVJFVU1fMHgyNzcwMmEyNjEyNmUwYjM3MDJhZjYzZWUwOWFjNGQxYTA4NGVmNjI4","address":"0x27702a26126e0B3702af63Ee09aC4d1A084EF628","chain":"ETHEREUM","symbol":"ALEPH","name":"aleph.im v2","decimals":18,"standard":"ERC20","project":{"id":"VG9rZW5Qcm9qZWN0OkVUSEVSRVVNXzB4Mjc3MDJhMjYxMjZlMGIzNzAyYWY2M2VlMDlhYzRkMWEwODRlZjYyOF9BbGVwaC5pbQ==","name":"Aleph.im","logo":{"id":"SW1hZ2U6aHR0cHM6Ly9yYXcuZ2l0aHVidXNlcmNvbnRlbnQuY29tL1VuaXN3YXAvYXNzZXRzL21hc3Rlci9ibG9ja2NoYWlucy9ldGhlcmV1bS9hc3NldHMvMHgyNzcwMmEyNjEyNmUwQjM3MDJhZjYzRWUwOWFDNGQxQTA4NEVGNjI4L2xvZ28ucG5n","url":"https://raw.githubusercontent.com/Uniswap/assets/master/blockchains/ethereum/assets/0x27702a26126e0B3702af63Ee09aC4d1A084EF628/logo.png","__typename":"Image"},"safetyLevel":"VERIFIED","logoUrl":"https://raw.githubusercontent.com/Uniswap/assets/master/blockchains/ethereum/assets/0x27702a26126e0B3702af63Ee09aC4d1A084EF628/logo.png","isSpam":false,"__typename":"TokenProject"},"__typename":"Token"},{"id":"VG9rZW46RVRIRVJFVU1fMHhmNjI5Y2JkOTRkMzc5MWM5MjUwMTUyYmQ4ZGZiZGYzODBlMmEzYjlj","address":"0xF629cBd94d3791C9250152BD8dfBDF380E2a3B9c","chain":"ETHEREUM","symbol":"ENJ","name":"Enjin Coin","decimals":18,"standard":"ERC20","project":{"id":"VG9rZW5Qcm9qZWN0OkVUSEVSRVVNXzB4ZjYyOWNiZDk0ZDM3OTFjOTI1MDE1MmJkOGRmYmRmMzgwZTJhM2I5Y19FbmppbiBDb2lu","name":"Enjin Coin","logo":{"id":"SW1hZ2U6aHR0cHM6Ly9yYXcuZ2l0aHVidXNlcmNvbnRlbnQuY29tL1VuaXN3YXAvYXNzZXRzL21hc3Rlci9ibG9ja2NoYWlucy9ldGhlcmV1bS9hc3NldHMvMHhGNjI5Y0JkOTRkMzc5MUM5MjUwMTUyQkQ4ZGZCREYzODBFMmEzQjljL2xvZ28ucG5n","url":"https://raw.githubusercontent.com/Uniswap/assets/master/blockchains/ethereum/assets/0xF629cBd94d3791C9250152BD8dfBDF380E2a3B9c/logo.png","__typename":"Image"},"safetyLevel":"VERIFIED","logoUrl":"https://raw.githubusercontent.com/Uniswap/assets/master/blockchains/ethereum/assets/0xF629cBd94d3791C9250152BD8dfBDF380E2a3B9c/logo.png","isSpam":false,"__typename":"TokenProject"},"__typename":"Token"},{"id":"VG9rZW46RVRIRVJFVU1fMHhiOThkNGM5NzQyNWQ5OTA4ZTY2ZTUzYTZmZGY2NzNhY2NhMGJlOTg2","address":"0xB98d4C97425d9908E66E53A6fDf673ACcA0BE986","chain":"ETHEREUM","symbol":"ABT","name":"ArcBlock","decimals":18,"standard":"ERC20","project":{"id":"VG9rZW5Qcm9qZWN0OkVUSEVSRVVNXzB4Yjk4ZDRjOTc0MjVkOTkwOGU2NmU1M2E2ZmRmNjczYWNjYTBiZTk4Nl9BcmNibG9jaw==","name":"Arcblock","logo":{"id":"SW1hZ2U6aHR0cHM6Ly9yYXcuZ2l0aHVidXNlcmNvbnRlbnQuY29tL1VuaXN3YXAvYXNzZXRzL21hc3Rlci9ibG9ja2NoYWlucy9ldGhlcmV1bS9hc3NldHMvMHhCOThkNEM5NzQyNWQ5OTA4RTY2RTUzQTZmRGY2NzNBQ2NBMEJFOTg2L2xvZ28ucG5n","url":"https://raw.githubusercontent.com/Uniswap/assets/master/blockchains/ethereum/assets/0xB98d4C97425d9908E66E53A6fDf673ACcA0BE986/logo.png","__typename":"Image"},"safetyLevel":"VERIFIED","logoUrl":"https://raw.githubusercontent.com/Uniswap/assets/master/blockchains/ethereum/assets/0xB98d4C97425d9908E66E53A6fDf673ACcA0BE986/logo.png","isSpam":false,"__typename":"TokenProject"},"__typename":"Token"},{"id":"VG9rZW46RVRIRVJFVU1fMHgxYTdlNGU2Mzc3OGI0ZjEyYTE5OWMwNjJmM2VmZGQyODhhZmNiY2U4","address":"0x1a7e4e63778B4f12a199C062f3eFdD288afCBce8","chain":"ETHEREUM","symbol":"agEUR","name":"agEUR","decimals":18,"standard":"ERC20","project":{"id":"VG9rZW5Qcm9qZWN0OkVUSEVSRVVNXzB4MWE3ZTRlNjM3NzhiNGYxMmExOTljMDYyZjNlZmRkMjg4YWZjYmNlOF9FVVJB","name":"EURA","logo":{"id":"SW1hZ2U6aHR0cHM6Ly9jb2luLWltYWdlcy5jb2luZ2Vja28uY29tL2NvaW5zL2ltYWdlcy8xOTQ3OS9sYXJnZS9hZ0VVUi00LnBuZz8xNzEwNzI2MjE4","url":"https://coin-images.coingecko.com/coins/images/19479/large/agEUR-4.png?1710726218","__typename":"Image"},"safetyLevel":"VERIFIED","logoUrl":"https://coin-images.coingecko.com/coins/images/19479/large/agEUR-4.png?1710726218","isSpam":false,"__typename":"TokenProject"},"__typename":"Token"},{"id":"VG9rZW46RVRIRVJFVU1fMHhiYmMyYWUxM2IyM2Q3MTVjMzA3MjBmMDc5ZmNkOWI0YTc0MDkzNTA1","address":"0xBBc2AE13b23d715c30720F079fcd9B4a74093505","chain":"ETHEREUM","symbol":"ERN","name":"@EthernityChain $ERN Token","decimals":18,"standard":"ERC20","project":{"id":"VG9rZW5Qcm9qZWN0OkVUSEVSRVVNXzB4YmJjMmFlMTNiMjNkNzE1YzMwNzIwZjA3OWZjZDliNGE3NDA5MzUwNV9FdGhlcm5pdHkgQ2hhaW4=","name":"Ethernity Chain","logo":{"id":"SW1hZ2U6aHR0cHM6Ly9yYXcuZ2l0aHVidXNlcmNvbnRlbnQuY29tL1VuaXN3YXAvYXNzZXRzL21hc3Rlci9ibG9ja2NoYWlucy9ldGhlcmV1bS9hc3NldHMvMHhCQmMyQUUxM2IyM2Q3MTVjMzA3MjBGMDc5ZmNkOUI0YTc0MDkzNTA1L2xvZ28ucG5n","url":"https://raw.githubusercontent.com/Uniswap/assets/master/blockchains/ethereum/assets/0xBBc2AE13b23d715c30720F079fcd9B4a74093505/logo.png","__typename":"Image"},"safetyLevel":"VERIFIED","logoUrl":"https://raw.githubusercontent.com/Uniswap/assets/master/blockchains/ethereum/assets/0xBBc2AE13b23d715c30720F079fcd9B4a74093505/logo.png","isSpam":false,"__typename":"TokenProject"},"__typename":"Token"},{"id":"VG9rZW46RVRIRVJFVU1fMHg2MTIzYjAwNDlmOTA0ZDczMGRiM2MzNmEzMTE2N2Q5ZDQxMjFmYTZi","address":"0x6123B0049F904d730dB3C36a31167D9d4121fA6B","chain":"ETHEREUM","symbol":"RBN","name":"Ribbon","decimals":18,"standard":"ERC20","project":{"id":"VG9rZW5Qcm9qZWN0OkVUSEVSRVVNXzB4NjEyM2IwMDQ5ZjkwNGQ3MzBkYjNjMzZhMzExNjdkOWQ0MTIxZmE2Yl9SaWJib24gRmluYW5jZQ==","name":"Ribbon Finance","logo":{"id":"SW1hZ2U6aHR0cHM6Ly9yYXcuZ2l0aHVidXNlcmNvbnRlbnQuY29tL1VuaXN3YXAvYXNzZXRzL21hc3Rlci9ibG9ja2NoYWlucy9ldGhlcmV1bS9hc3NldHMvMHg2MTIzQjAwNDlGOTA0ZDczMGRCM0MzNmEzMTE2N0Q5ZDQxMjFmQTZCL2xvZ28ucG5n","url":"https://raw.githubusercontent.com/Uniswap/assets/master/blockchains/ethereum/assets/0x6123B0049F904d730dB3C36a31167D9d4121fA6B/logo.png","__typename":"Image"},"safetyLevel":"VERIFIED","logoUrl":"https://raw.githubusercontent.com/Uniswap/assets/master/blockchains/ethereum/assets/0x6123B0049F904d730dB3C36a31167D9d4121fA6B/logo.png","isSpam":false,"__typename":"TokenProject"},"__typename":"Token"},{"id":"VG9rZW46RVRIRVJFVU1fMHg0MmJiZmEyZTc3NzU3YzY0NWVlYWFkMTY1NWUwOTExYTc1NTNlZmJj","address":"0x42bBFa2e77757C645eeaAd1655E0911a7553Efbc","chain":"ETHEREUM","symbol":"BOBA","name":"Boba Token","decimals":18,"standard":"ERC20","project":{"id":"VG9rZW5Qcm9qZWN0OkVUSEVSRVVNXzB4NDJiYmZhMmU3Nzc1N2M2NDVlZWFhZDE2NTVlMDkxMWE3NTUzZWZiY19Cb2JhIE5ldHdvcms=","name":"Boba Network","logo":{"id":"SW1hZ2U6aHR0cHM6Ly9yYXcuZ2l0aHVidXNlcmNvbnRlbnQuY29tL1VuaXN3YXAvYXNzZXRzL21hc3Rlci9ibG9ja2NoYWlucy9ldGhlcmV1bS9hc3NldHMvMHg0MmJCRmEyZTc3NzU3QzY0NWVlYUFkMTY1NUUwOTExYTc1NTNFZmJjL2xvZ28ucG5n","url":"https://raw.githubusercontent.com/Uniswap/assets/master/blockchains/ethereum/assets/0x42bBFa2e77757C645eeaAd1655E0911a7553Efbc/logo.png","__typename":"Image"},"safetyLevel":"VERIFIED","logoUrl":"https://raw.githubusercontent.com/Uniswap/assets/master/blockchains/ethereum/assets/0x42bBFa2e77757C645eeaAd1655E0911a7553Efbc/logo.png","isSpam":false,"__typename":"TokenProject"},"__typename":"Token"},{"id":"VG9rZW46RVRIRVJFVU1fMHg3ZDFhZmE3YjcxOGZiODkzZGIzMGEzYWJjMGNmYzYwOGFhY2ZlYmIw","address":"0x7D1AfA7B718fb893dB30A3aBc0Cfc608AaCfeBB0","chain":"ETHEREUM","symbol":"MATIC","name":"Matic Token","decimals":18,"standard":"ERC20","project":{"id":"VG9rZW5Qcm9qZWN0OkVUSEVSRVVNXzB4N2QxYWZhN2I3MThmYjg5M2RiMzBhM2FiYzBjZmM2MDhhYWNmZWJiMF9Qb2x5Z29u","name":"Polygon","logo":{"id":"SW1hZ2U6aHR0cHM6Ly9yYXcuZ2l0aHVidXNlcmNvbnRlbnQuY29tL1VuaXN3YXAvYXNzZXRzL21hc3Rlci9ibG9ja2NoYWlucy9ldGhlcmV1bS9hc3NldHMvMHg3RDFBZkE3QjcxOGZiODkzZEIzMEEzYUJjMENmYzYwOEFhQ2ZlQkIwL2xvZ28ucG5n","url":"https://raw.githubusercontent.com/Uniswap/assets/master/blockchains/ethereum/assets/0x7D1AfA7B718fb893dB30A3aBc0Cfc608AaCfeBB0/logo.png","__typename":"Image"},"safetyLevel":"VERIFIED","logoUrl":"https://raw.githubusercontent.com/Uniswap/assets/master/blockchains/ethereum/assets/0x7D1AfA7B718fb893dB30A3aBc0Cfc608AaCfeBB0/logo.png","isSpam":false,"__typename":"TokenProject"},"__typename":"Token"},{"id":"VG9rZW46RVRIRVJFVU1fMHg4MjkwMzMzY2VmOWU2ZDUyOGRkNTYxOGZiOTdhNzZmMjY4ZjNlZGQ0","address":"0x8290333ceF9e6D528dD5618Fb97a76f268f3EDD4","chain":"ETHEREUM","symbol":"ANKR","name":"Ankr Network","decimals":18,"standard":"ERC20","project":{"id":"VG9rZW5Qcm9qZWN0OkVUSEVSRVVNXzB4ODI5MDMzM2NlZjllNmQ1MjhkZDU2MThmYjk3YTc2ZjI2OGYzZWRkNF9BbmtyIE5ldHdvcms=","name":"Ankr Network","logo":{"id":"SW1hZ2U6aHR0cHM6Ly9yYXcuZ2l0aHVidXNlcmNvbnRlbnQuY29tL1VuaXN3YXAvYXNzZXRzL21hc3Rlci9ibG9ja2NoYWlucy9ldGhlcmV1bS9hc3NldHMvMHg4MjkwMzMzY2VGOWU2RDUyOGRENTYxOEZiOTdhNzZmMjY4ZjNFREQ0L2xvZ28ucG5n","url":"https://raw.githubusercontent.com/Uniswap/assets/master/blockchains/ethereum/assets/0x8290333ceF9e6D528dD5618Fb97a76f268f3EDD4/logo.png","__typename":"Image"},"safetyLevel":"VERIFIED","logoUrl":"https://raw.githubusercontent.com/Uniswap/assets/master/blockchains/ethereum/assets/0x8290333ceF9e6D528dD5618Fb97a76f268f3EDD4/logo.png","isSpam":false,"__typename":"TokenProject"},"__typename":"Token"},{"id":"VG9rZW46RVRIRVJFVU1fMHgxYmJlOTczYmVmM2E5NzdmYzUxY2JlZDcwM2U4ZmZkZWZlMDAxZmVk","address":"0x1Bbe973BeF3a977Fc51CbED703E8ffDEfE001Fed","chain":"ETHEREUM","symbol":"PORTAL","name":"PORTAL","decimals":18,"standard":"ERC20","project":{"id":"VG9rZW5Qcm9qZWN0OkVUSEVSRVVNXzB4MWJiZTk3M2JlZjNhOTc3ZmM1MWNiZWQ3MDNlOGZmZGVmZTAwMWZlZF9Qb3J0YWw=","name":"Portal","logo":{"id":"SW1hZ2U6aHR0cHM6Ly9jb2luLWltYWdlcy5jb2luZ2Vja28uY29tL2NvaW5zL2ltYWdlcy8zNTQzNi9sYXJnZS9wb3J0YWwuanBlZz8xNzA4NTkwMjU0","url":"https://coin-images.coingecko.com/coins/images/35436/large/portal.jpeg?1708590254","__typename":"Image"},"safetyLevel":"VERIFIED","logoUrl":"https://coin-images.coingecko.com/coins/images/35436/large/portal.jpeg?1708590254","isSpam":false,"__typename":"TokenProject"},"__typename":"Token"},{"id":"VG9rZW46RVRIRVJFVU1fMHg0YzE5NTk2ZjVhYWZmNDU5ZmEzOGIwZjdlZDkyZjExYWU2NTQzNzg0","address":"0x4C19596f5aAfF459fA38B0f7eD92F11AE6543784","chain":"ETHEREUM","symbol":"TRU","name":"TrustToken","decimals":8,"standard":"ERC20","project":{"id":"VG9rZW5Qcm9qZWN0OkVUSEVSRVVNXzB4NGMxOTU5NmY1YWFmZjQ1OWZhMzhiMGY3ZWQ5MmYxMWFlNjU0Mzc4NF9UcnVlRmk=","name":"TrueFi","logo":{"id":"SW1hZ2U6aHR0cHM6Ly9yYXcuZ2l0aHVidXNlcmNvbnRlbnQuY29tL1VuaXN3YXAvYXNzZXRzL21hc3Rlci9ibG9ja2NoYWlucy9ldGhlcmV1bS9hc3NldHMvMHg0QzE5NTk2ZjVhQWZGNDU5ZkEzOEIwZjdlRDkyRjExQUU2NTQzNzg0L2xvZ28ucG5n","url":"https://raw.githubusercontent.com/Uniswap/assets/master/blockchains/ethereum/assets/0x4C19596f5aAfF459fA38B0f7eD92F11AE6543784/logo.png","__typename":"Image"},"safetyLevel":"VERIFIED","logoUrl":"https://raw.githubusercontent.com/Uniswap/assets/master/blockchains/ethereum/assets/0x4C19596f5aAfF459fA38B0f7eD92F11AE6543784/logo.png","isSpam":false,"__typename":"TokenProject"},"__typename":"Token"},{"id":"VG9rZW46RVRIRVJFVU1fMHgzMWM4ZWFjYmZmZGQ4NzVjNzRiOTRiMDc3ODk1YmQ3OGNmMWU2NGEz","address":"0x31c8EAcBFFdD875c74b94b077895Bd78CF1E64A3","chain":"ETHEREUM","symbol":"RAD","name":"Radicle","decimals":18,"standard":"ERC20","project":{"id":"VG9rZW5Qcm9qZWN0OkVUSEVSRVVNXzB4MzFjOGVhY2JmZmRkODc1Yzc0Yjk0YjA3Nzg5NWJkNzhjZjFlNjRhM19SYWR3b3Jrcw==","name":"Radworks","logo":{"id":"SW1hZ2U6aHR0cHM6Ly9yYXcuZ2l0aHVidXNlcmNvbnRlbnQuY29tL1VuaXN3YXAvYXNzZXRzL21hc3Rlci9ibG9ja2NoYWlucy9ldGhlcmV1bS9hc3NldHMvMHgzMWM4RUFjQkZGZEQ4NzVjNzRiOTRiMDc3ODk1QmQ3OENGMUU2NEEzL2xvZ28ucG5n","url":"https://raw.githubusercontent.com/Uniswap/assets/master/blockchains/ethereum/assets/0x31c8EAcBFFdD875c74b94b077895Bd78CF1E64A3/logo.png","__typename":"Image"},"safetyLevel":"VERIFIED","logoUrl":"https://raw.githubusercontent.com/Uniswap/assets/master/blockchains/ethereum/assets/0x31c8EAcBFFdD875c74b94b077895Bd78CF1E64A3/logo.png","isSpam":false,"__typename":"TokenProject"},"__typename":"Token"},{"id":"VG9rZW46RVRIRVJFVU1fMHg1YWZlMzg1NTM1OGUxMTJiNTY0N2I5NTI3MDllNjE2NWUxYzFlZWVl","address":"0x5aFE3855358E112B5647B952709E6165e1c1eEEe","chain":"ETHEREUM","symbol":"SAFE","name":"Safe Token","decimals":18,"standard":"ERC20","project":{"id":"VG9rZW5Qcm9qZWN0OkVUSEVSRVVNXzB4NWFmZTM4NTUzNThlMTEyYjU2NDdiOTUyNzA5ZTYxNjVlMWMxZWVlZV9TYWZl","name":"Safe","logo":{"id":"SW1hZ2U6aHR0cHM6Ly9jb2luLWltYWdlcy5jb2luZ2Vja28uY29tL2NvaW5zL2ltYWdlcy8yNzAzMi9sYXJnZS9BcnRib2FyZF8xX2NvcHlfOGNpcmNsZS0xLnBuZz8xNjk2NTI2MDg0","url":"https://coin-images.coingecko.com/coins/images/27032/large/Artboard_1_copy_8circle-1.png?1696526084","__typename":"Image"},"safetyLevel":"VERIFIED","logoUrl":"https://coin-images.coingecko.com/coins/images/27032/large/Artboard_1_copy_8circle-1.png?1696526084","isSpam":false,"__typename":"TokenProject"},"__typename":"Token"},{"id":"VG9rZW46RVRIRVJFVU1fMHg2ZmIzZTBhMjE3NDA3ZWZmZjdjYTA2MmQ0NmMyNmU1ZDYwYTE0ZDY5","address":"0x6fB3e0A217407EFFf7Ca062D46c26E5d60a14d69","chain":"ETHEREUM","symbol":"IOTX","name":"IoTeX Network","decimals":18,"standard":"ERC20","project":{"id":"VG9rZW5Qcm9qZWN0OkVUSEVSRVVNXzB4NmZiM2UwYTIxNzQwN2VmZmY3Y2EwNjJkNDZjMjZlNWQ2MGExNGQ2OV9Jb1RlWA==","name":"IoTeX","logo":{"id":"SW1hZ2U6aHR0cHM6Ly9yYXcuZ2l0aHVidXNlcmNvbnRlbnQuY29tL1VuaXN3YXAvYXNzZXRzL21hc3Rlci9ibG9ja2NoYWlucy9ldGhlcmV1bS9hc3NldHMvMHg2ZkIzZTBBMjE3NDA3RUZGZjdDYTA2MkQ0NmMyNkU1ZDYwYTE0ZDY5L2xvZ28ucG5n","url":"https://raw.githubusercontent.com/Uniswap/assets/master/blockchains/ethereum/assets/0x6fB3e0A217407EFFf7Ca062D46c26E5d60a14d69/logo.png","__typename":"Image"},"safetyLevel":"VERIFIED","logoUrl":"https://raw.githubusercontent.com/Uniswap/assets/master/blockchains/ethereum/assets/0x6fB3e0A217407EFFf7Ca062D46c26E5d60a14d69/logo.png","isSpam":false,"__typename":"TokenProject"},"__typename":"Token"},{"id":"VG9rZW46RVRIRVJFVU1fMHg5NjFjOGMwYjFhYWQwYzBiMTBhNTFmZWY2YTg2N2UzMDkxYmNlZjE3","address":"0x961C8c0B1aaD0c0b10a51FeF6a867E3091BCef17","chain":"ETHEREUM","symbol":"DYP","name":"DeFiYieldProtocol","decimals":18,"standard":"ERC20","project":{"id":"VG9rZW5Qcm9qZWN0OkVUSEVSRVVNXzB4OTYxYzhjMGIxYWFkMGMwYjEwYTUxZmVmNmE4NjdlMzA5MWJjZWYxN19EeXBpdXMgW09MRF0=","name":"Dypius [OLD]","logo":{"id":"SW1hZ2U6aHR0cHM6Ly9yYXcuZ2l0aHVidXNlcmNvbnRlbnQuY29tL1VuaXN3YXAvYXNzZXRzL21hc3Rlci9ibG9ja2NoYWlucy9ldGhlcmV1bS9hc3NldHMvMHg5NjFDOGMwQjFhYUQwYzBiMTBhNTFGZUY2YTg2N0UzMDkxQkNlZjE3L2xvZ28ucG5n","url":"https://raw.githubusercontent.com/Uniswap/assets/master/blockchains/ethereum/assets/0x961C8c0B1aaD0c0b10a51FeF6a867E3091BCef17/logo.png","__typename":"Image"},"safetyLevel":"VERIFIED","logoUrl":"https://raw.githubusercontent.com/Uniswap/assets/master/blockchains/ethereum/assets/0x961C8c0B1aaD0c0b10a51FeF6a867E3091BCef17/logo.png","isSpam":false,"__typename":"TokenProject"},"__typename":"Token"},{"id":"VG9rZW46RVRIRVJFVU1fMHhkMWQyZWIxYjFlOTBiNjM4NTg4NzI4YjQxMzAxMzdkMjYyYzg3Y2Fl","address":"0xd1d2Eb1B1e90B638588728b4130137D262C87cae","chain":"ETHEREUM","symbol":"GALA","name":"Gala","decimals":8,"standard":"ERC20","project":{"id":"VG9rZW5Qcm9qZWN0OkVUSEVSRVVNXzB4ZDFkMmViMWIxZTkwYjYzODU4ODcyOGI0MTMwMTM3ZDI2MmM4N2NhZV9HQUxB","name":"GALA","logo":{"id":"SW1hZ2U6aHR0cHM6Ly9yYXcuZ2l0aHVidXNlcmNvbnRlbnQuY29tL1VuaXN3YXAvYXNzZXRzL21hc3Rlci9ibG9ja2NoYWlucy9ldGhlcmV1bS9hc3NldHMvMHhkMWQyRWIxQjFlOTBCNjM4NTg4NzI4YjQxMzAxMzdEMjYyQzg3Y2FlL2xvZ28ucG5n","url":"https://raw.githubusercontent.com/Uniswap/assets/master/blockchains/ethereum/assets/0xd1d2Eb1B1e90B638588728b4130137D262C87cae/logo.png","__typename":"Image"},"safetyLevel":"VERIFIED","logoUrl":"https://raw.githubusercontent.com/Uniswap/assets/master/blockchains/ethereum/assets/0xd1d2Eb1B1e90B638588728b4130137D262C87cae/logo.png","isSpam":false,"__typename":"TokenProject"},"__typename":"Token"},{"id":"VG9rZW46RVRIRVJFVU1fMHhhZjUxOTFiMGRlMjc4YzcyODZkNmM3Y2M2YWI2YmI4YTczYmEyY2Q2","address":"0xAf5191B0De278C7286d6C7CC6ab6BB8A73bA2Cd6","chain":"ETHEREUM","symbol":"STG","name":"StargateToken","decimals":18,"standard":"ERC20","project":{"id":"VG9rZW5Qcm9qZWN0OkVUSEVSRVVNXzB4YWY1MTkxYjBkZTI3OGM3Mjg2ZDZjN2NjNmFiNmJiOGE3M2JhMmNkNl9TdGFyZ2F0ZSBGaW5hbmNl","name":"Stargate Finance","logo":{"id":"SW1hZ2U6aHR0cHM6Ly9yYXcuZ2l0aHVidXNlcmNvbnRlbnQuY29tL1VuaXN3YXAvYXNzZXRzL21hc3Rlci9ibG9ja2NoYWlucy9ldGhlcmV1bS9hc3NldHMvMHhBZjUxOTFCMERlMjc4QzcyODZkNkM3Q0M2YWI2QkI4QTczYkEyQ2Q2L2xvZ28ucG5n","url":"https://raw.githubusercontent.com/Uniswap/assets/master/blockchains/ethereum/assets/0xAf5191B0De278C7286d6C7CC6ab6BB8A73bA2Cd6/logo.png","__typename":"Image"},"safetyLevel":"VERIFIED","logoUrl":"https://raw.githubusercontent.com/Uniswap/assets/master/blockchains/ethereum/assets/0xAf5191B0De278C7286d6C7CC6ab6BB8A73bA2Cd6/logo.png","isSpam":false,"__typename":"TokenProject"},"__typename":"Token"},{"id":"VG9rZW46RVRIRVJFVU1fMHgwYjM4MjEwZWExMTQxMTU1N2MxMzQ1N2Q0ZGE3ZGM2ZWE3MzFiODhh","address":"0x0b38210ea11411557c13457D4dA7dC6ea731B88a","chain":"ETHEREUM","symbol":"API3","name":"API3","decimals":18,"standard":"ERC20","project":{"id":"VG9rZW5Qcm9qZWN0OkVUSEVSRVVNXzB4MGIzODIxMGVhMTE0MTE1NTdjMTM0NTdkNGRhN2RjNmVhNzMxYjg4YV9BUEkz","name":"API3","logo":{"id":"SW1hZ2U6aHR0cHM6Ly9yYXcuZ2l0aHVidXNlcmNvbnRlbnQuY29tL1VuaXN3YXAvYXNzZXRzL21hc3Rlci9ibG9ja2NoYWlucy9ldGhlcmV1bS9hc3NldHMvMHgwYjM4MjEwZWExMTQxMTU1N2MxMzQ1N0Q0ZEE3ZEM2ZWE3MzFCODhhL2xvZ28ucG5n","url":"https://raw.githubusercontent.com/Uniswap/assets/master/blockchains/ethereum/assets/0x0b38210ea11411557c13457D4dA7dC6ea731B88a/logo.png","__typename":"Image"},"safetyLevel":"VERIFIED","logoUrl":"https://raw.githubusercontent.com/Uniswap/assets/master/blockchains/ethereum/assets/0x0b38210ea11411557c13457D4dA7dC6ea731B88a/logo.png","isSpam":false,"__typename":"TokenProject"},"__typename":"Token"},{"id":"VG9rZW46RVRIRVJFVU1fMHhkZGIzNDIyNDk3ZTYxZTEzNTQzYmVhMDY5ODljMDc4OTExNzU1NWM1","address":"0xDDB3422497E61e13543BeA06989C0789117555c5","chain":"ETHEREUM","symbol":"COTI","name":"COTI Token","decimals":18,"standard":"ERC20","project":{"id":"VG9rZW5Qcm9qZWN0OkVUSEVSRVVNXzB4ZGRiMzQyMjQ5N2U2MWUxMzU0M2JlYTA2OTg5YzA3ODkxMTc1NTVjNV9DT1RJ","name":"COTI","logo":{"id":"SW1hZ2U6aHR0cHM6Ly9yYXcuZ2l0aHVidXNlcmNvbnRlbnQuY29tL1VuaXN3YXAvYXNzZXRzL21hc3Rlci9ibG9ja2NoYWlucy9ldGhlcmV1bS9hc3NldHMvMHhEREIzNDIyNDk3RTYxZTEzNTQzQmVBMDY5ODlDMDc4OTExNzU1NWM1L2xvZ28ucG5n","url":"https://raw.githubusercontent.com/Uniswap/assets/master/blockchains/ethereum/assets/0xDDB3422497E61e13543BeA06989C0789117555c5/logo.png","__typename":"Image"},"safetyLevel":"VERIFIED","logoUrl":"https://raw.githubusercontent.com/Uniswap/assets/master/blockchains/ethereum/assets/0xDDB3422497E61e13543BeA06989C0789117555c5/logo.png","isSpam":false,"__typename":"TokenProject"},"__typename":"Token"},{"id":"VG9rZW46RVRIRVJFVU1fMHg2ZGVhODFjODE3MWQwYmE1NzQ3NTRlZjZmOGI0MTJmMmVkODhjNTRk","address":"0x6DEA81C8171D0bA574754EF6F8b412F2Ed88c54D","chain":"ETHEREUM","symbol":"LQTY","name":"LQTY","decimals":18,"standard":"ERC20","project":{"id":"VG9rZW5Qcm9qZWN0OkVUSEVSRVVNXzB4NmRlYTgxYzgxNzFkMGJhNTc0NzU0ZWY2ZjhiNDEyZjJlZDg4YzU0ZF9MaXF1aXR5","name":"Liquity","logo":{"id":"SW1hZ2U6aHR0cHM6Ly9yYXcuZ2l0aHVidXNlcmNvbnRlbnQuY29tL1VuaXN3YXAvYXNzZXRzL21hc3Rlci9ibG9ja2NoYWlucy9ldGhlcmV1bS9hc3NldHMvMHg2REVBODFDODE3MUQwYkE1NzQ3NTRFRjZGOGI0MTJGMkVkODhjNTREL2xvZ28ucG5n","url":"https://raw.githubusercontent.com/Uniswap/assets/master/blockchains/ethereum/assets/0x6DEA81C8171D0bA574754EF6F8b412F2Ed88c54D/logo.png","__typename":"Image"},"safetyLevel":"VERIFIED","logoUrl":"https://raw.githubusercontent.com/Uniswap/assets/master/blockchains/ethereum/assets/0x6DEA81C8171D0bA574754EF6F8b412F2Ed88c54D/logo.png","isSpam":false,"__typename":"TokenProject"},"__typename":"Token"},{"id":"VG9rZW46RVRIRVJFVU1fMHhhMGI3M2UxZmYwYjgwOTE0YWI2ZmUwNDQ0ZTY1ODQ4YzRjMzQ0NTBi","address":"0xA0b73E1Ff0B80914AB6fe0444E65848C4C34450b","chain":"ETHEREUM","symbol":"CRO","name":"CRO","decimals":8,"standard":"ERC20","project":{"id":"VG9rZW5Qcm9qZWN0OkVUSEVSRVVNXzB4YTBiNzNlMWZmMGI4MDkxNGFiNmZlMDQ0NGU2NTg0OGM0YzM0NDUwYl9Dcm9ub3M=","name":"Cronos","logo":{"id":"SW1hZ2U6aHR0cHM6Ly9yYXcuZ2l0aHVidXNlcmNvbnRlbnQuY29tL1VuaXN3YXAvYXNzZXRzL21hc3Rlci9ibG9ja2NoYWlucy9ldGhlcmV1bS9hc3NldHMvMHhBMGI3M0UxRmYwQjgwOTE0QUI2ZmUwNDQ0RTY1ODQ4QzRDMzQ0NTBiL2xvZ28ucG5n","url":"https://raw.githubusercontent.com/Uniswap/assets/master/blockchains/ethereum/assets/0xA0b73E1Ff0B80914AB6fe0444E65848C4C34450b/logo.png","__typename":"Image"},"safetyLevel":"VERIFIED","logoUrl":"https://raw.githubusercontent.com/Uniswap/assets/master/blockchains/ethereum/assets/0xA0b73E1Ff0B80914AB6fe0444E65848C4C34450b/logo.png","isSpam":false,"__typename":"TokenProject"},"__typename":"Token"},{"id":"VG9rZW46RVRIRVJFVU1fMHg3MWFiNzdiN2RiYjRmYTdlMDE3YmMxNTA5MGIyMTYzMjIxNDIwMjgy","address":"0x71Ab77b7dbB4fa7e017BC15090b2163221420282","chain":"ETHEREUM","symbol":"HIGH","name":"Highstreet token","decimals":18,"standard":"ERC20","project":{"id":"VG9rZW5Qcm9qZWN0OkVUSEVSRVVNXzB4NzFhYjc3YjdkYmI0ZmE3ZTAxN2JjMTUwOTBiMjE2MzIyMTQyMDI4Ml9IaWdoc3RyZWV0","name":"Highstreet","logo":{"id":"SW1hZ2U6aHR0cHM6Ly9yYXcuZ2l0aHVidXNlcmNvbnRlbnQuY29tL1VuaXN3YXAvYXNzZXRzL21hc3Rlci9ibG9ja2NoYWlucy9ldGhlcmV1bS9hc3NldHMvMHg3MUFiNzdiN2RiQjRmYTdlMDE3QkMxNTA5MGIyMTYzMjIxNDIwMjgyL2xvZ28ucG5n","url":"https://raw.githubusercontent.com/Uniswap/assets/master/blockchains/ethereum/assets/0x71Ab77b7dbB4fa7e017BC15090b2163221420282/logo.png","__typename":"Image"},"safetyLevel":"VERIFIED","logoUrl":"https://raw.githubusercontent.com/Uniswap/assets/master/blockchains/ethereum/assets/0x71Ab77b7dbB4fa7e017BC15090b2163221420282/logo.png","isSpam":false,"__typename":"TokenProject"},"__typename":"Token"},{"id":"VG9rZW46RVRIRVJFVU1fMHgxMTExMTExMTExMTdkYzBhYTc4Yjc3MGZhNmE3MzgwMzQxMjBjMzAy","address":"0x111111111117dC0aa78b770fA6A738034120C302","chain":"ETHEREUM","symbol":"1INCH","name":"1INCH Token","decimals":18,"standard":"ERC20","project":{"id":"VG9rZW5Qcm9qZWN0OkVUSEVSRVVNXzB4MTExMTExMTExMTE3ZGMwYWE3OGI3NzBmYTZhNzM4MDM0MTIwYzMwMl8xaW5jaA==","name":"1inch","logo":{"id":"SW1hZ2U6aHR0cHM6Ly9yYXcuZ2l0aHVidXNlcmNvbnRlbnQuY29tL1VuaXN3YXAvYXNzZXRzL21hc3Rlci9ibG9ja2NoYWlucy9ldGhlcmV1bS9hc3NldHMvMHgxMTExMTExMTExMTdkQzBhYTc4Yjc3MGZBNkE3MzgwMzQxMjBDMzAyL2xvZ28ucG5n","url":"https://raw.githubusercontent.com/Uniswap/assets/master/blockchains/ethereum/assets/0x111111111117dC0aa78b770fA6A738034120C302/logo.png","__typename":"Image"},"safetyLevel":"VERIFIED","logoUrl":"https://raw.githubusercontent.com/Uniswap/assets/master/blockchains/ethereum/assets/0x111111111117dC0aa78b770fA6A738034120C302/logo.png","isSpam":false,"__typename":"TokenProject"},"__typename":"Token"},{"id":"VG9rZW46RVRIRVJFVU1fMHhmYjdiNDU2NDQwMmU1NTAwZGI1YmI2ZDYzYWU2NzEzMDI3NzdjNzVh","address":"0xfB7B4564402E5500dB5bB6d63Ae671302777C75a","chain":"ETHEREUM","symbol":"DEXT","name":"DEXTools","decimals":18,"standard":"ERC20","project":{"id":"VG9rZW5Qcm9qZWN0OkVUSEVSRVVNXzB4ZmI3YjQ1NjQ0MDJlNTUwMGRiNWJiNmQ2M2FlNjcxMzAyNzc3Yzc1YV9EZXhUb29scw==","name":"DexTools","logo":{"id":"SW1hZ2U6aHR0cHM6Ly9yYXcuZ2l0aHVidXNlcmNvbnRlbnQuY29tL1VuaXN3YXAvYXNzZXRzL21hc3Rlci9ibG9ja2NoYWlucy9ldGhlcmV1bS9hc3NldHMvMHhmQjdCNDU2NDQwMkU1NTAwZEI1YkI2ZDYzQWU2NzEzMDI3NzdDNzVhL2xvZ28ucG5n","url":"https://raw.githubusercontent.com/Uniswap/assets/master/blockchains/ethereum/assets/0xfB7B4564402E5500dB5bB6d63Ae671302777C75a/logo.png","__typename":"Image"},"safetyLevel":"VERIFIED","logoUrl":"https://raw.githubusercontent.com/Uniswap/assets/master/blockchains/ethereum/assets/0xfB7B4564402E5500dB5bB6d63Ae671302777C75a/logo.png","isSpam":false,"__typename":"TokenProject"},"__typename":"Token"},{"id":"VG9rZW46RVRIRVJFVU1fMHg0ZDIyNDQ1MjgwMWFjZWQ4YjJmMGFlYmUxNTUzNzliYjVkNTk0Mzgx","address":"0x4d224452801ACEd8B2F0aebE155379bb5D594381","chain":"ETHEREUM","symbol":"APE","name":"ApeCoin","decimals":18,"standard":"ERC20","project":{"id":"VG9rZW5Qcm9qZWN0OkVUSEVSRVVNXzB4NGQyMjQ0NTI4MDFhY2VkOGIyZjBhZWJlMTU1Mzc5YmI1ZDU5NDM4MV9BcGVDb2lu","name":"ApeCoin","logo":{"id":"SW1hZ2U6aHR0cHM6Ly9yYXcuZ2l0aHVidXNlcmNvbnRlbnQuY29tL1VuaXN3YXAvYXNzZXRzL21hc3Rlci9ibG9ja2NoYWlucy9ldGhlcmV1bS9hc3NldHMvMHg0ZDIyNDQ1MjgwMUFDRWQ4QjJGMGFlYkUxNTUzNzliYjVENTk0MzgxL2xvZ28ucG5n","url":"https://raw.githubusercontent.com/Uniswap/assets/master/blockchains/ethereum/assets/0x4d224452801ACEd8B2F0aebE155379bb5D594381/logo.png","__typename":"Image"},"safetyLevel":"VERIFIED","logoUrl":"https://raw.githubusercontent.com/Uniswap/assets/master/blockchains/ethereum/assets/0x4d224452801ACEd8B2F0aebE155379bb5D594381/logo.png","isSpam":false,"__typename":"TokenProject"},"__typename":"Token"},{"id":"VG9rZW46RVRIRVJFVU1fMHgxOGFhYTcxMTU3MDVlOGJlOTRiZmZlYmRlNTdhZjliZmMyNjViOTk4","address":"0x18aAA7115705e8be94bfFEBDE57Af9BFc265B998","chain":"ETHEREUM","symbol":"AUDIO","name":"Audius","decimals":18,"standard":"ERC20","project":{"id":"VG9rZW5Qcm9qZWN0OkVUSEVSRVVNXzB4MThhYWE3MTE1NzA1ZThiZTk0YmZmZWJkZTU3YWY5YmZjMjY1Yjk5OF9BdWRpdXM=","name":"Audius","logo":{"id":"SW1hZ2U6aHR0cHM6Ly9yYXcuZ2l0aHVidXNlcmNvbnRlbnQuY29tL1VuaXN3YXAvYXNzZXRzL21hc3Rlci9ibG9ja2NoYWlucy9ldGhlcmV1bS9hc3NldHMvMHgxOGFBQTcxMTU3MDVlOGJlOTRiZkZFQkRFNTdBZjlCRmMyNjVCOTk4L2xvZ28ucG5n","url":"https://raw.githubusercontent.com/Uniswap/assets/master/blockchains/ethereum/assets/0x18aAA7115705e8be94bfFEBDE57Af9BFc265B998/logo.png","__typename":"Image"},"safetyLevel":"VERIFIED","logoUrl":"https://raw.githubusercontent.com/Uniswap/assets/master/blockchains/ethereum/assets/0x18aAA7115705e8be94bfFEBDE57Af9BFc265B998/logo.png","isSpam":false,"__typename":"TokenProject"},"__typename":"Token"},{"id":"VG9rZW46RVRIRVJFVU1fMHhkOWZjZDk4YzMyMjk0MjA3NWE1YzM4NjA2OTNlOWY0ZjAzYWFlMDdi","address":"0xd9Fcd98c322942075A5C3860693e9f4f03AAE07b","chain":"ETHEREUM","symbol":"EUL","name":"Euler","decimals":18,"standard":"ERC20","project":{"id":"VG9rZW5Qcm9qZWN0OkVUSEVSRVVNXzB4ZDlmY2Q5OGMzMjI5NDIwNzVhNWMzODYwNjkzZTlmNGYwM2FhZTA3Yl9FdWxlcg==","name":"Euler","logo":{"id":"SW1hZ2U6aHR0cHM6Ly9yYXcuZ2l0aHVidXNlcmNvbnRlbnQuY29tL1VuaXN3YXAvYXNzZXRzL21hc3Rlci9ibG9ja2NoYWlucy9ldGhlcmV1bS9hc3NldHMvMHhkOUZjZDk4YzMyMjk0MjA3NUE1QzM4NjA2OTNlOWY0ZjAzQUFFMDdiL2xvZ28ucG5n","url":"https://raw.githubusercontent.com/Uniswap/assets/master/blockchains/ethereum/assets/0xd9Fcd98c322942075A5C3860693e9f4f03AAE07b/logo.png","__typename":"Image"},"safetyLevel":"VERIFIED","logoUrl":"https://raw.githubusercontent.com/Uniswap/assets/master/blockchains/ethereum/assets/0xd9Fcd98c322942075A5C3860693e9f4f03AAE07b/logo.png","isSpam":false,"__typename":"TokenProject"},"__typename":"Token"},{"id":"VG9rZW46RVRIRVJFVU1fMHhhMTE3MDAwMDAwZjI3OWQ4MWExZDNjYzc1NDMwZmFhMDE3ZmE1YTJl","address":"0xa117000000f279D81A1D3cc75430fAA017FA5A2e","chain":"ETHEREUM","symbol":"ANT","name":"Aragon Network Token","decimals":18,"standard":"ERC20","project":{"id":"VG9rZW5Qcm9qZWN0OkVUSEVSRVVNXzB4YTExNzAwMDAwMGYyNzlkODFhMWQzY2M3NTQzMGZhYTAxN2ZhNWEyZV9BcmFnb24=","name":"Aragon","logo":{"id":"SW1hZ2U6aHR0cHM6Ly9yYXcuZ2l0aHVidXNlcmNvbnRlbnQuY29tL1VuaXN3YXAvYXNzZXRzL21hc3Rlci9ibG9ja2NoYWlucy9ldGhlcmV1bS9hc3NldHMvMHhhMTE3MDAwMDAwZjI3OUQ4MUExRDNjYzc1NDMwZkFBMDE3RkE1QTJlL2xvZ28ucG5n","url":"https://raw.githubusercontent.com/Uniswap/assets/master/blockchains/ethereum/assets/0xa117000000f279D81A1D3cc75430fAA017FA5A2e/logo.png","__typename":"Image"},"safetyLevel":"VERIFIED","logoUrl":"https://raw.githubusercontent.com/Uniswap/assets/master/blockchains/ethereum/assets/0xa117000000f279D81A1D3cc75430fAA017FA5A2e/logo.png","isSpam":false,"__typename":"TokenProject"},"__typename":"Token"},{"id":"VG9rZW46RVRIRVJFVU1fMHg2ZTJhNDNiZTBiMWQzM2I3MjZmMGNhM2I4ZGU2MGIzNDgyYjhiMDUw","address":"0x6E2a43be0B1d33b726f0CA3b8de60b3482b8b050","chain":"ETHEREUM","symbol":"ARKM","name":"Arkham","decimals":18,"standard":"ERC20","project":{"id":"VG9rZW5Qcm9qZWN0OkVUSEVSRVVNXzB4NmUyYTQzYmUwYjFkMzNiNzI2ZjBjYTNiOGRlNjBiMzQ4MmI4YjA1MF9BcmtoYW0=","name":"Arkham","logo":{"id":"SW1hZ2U6aHR0cHM6Ly9jb2luLWltYWdlcy5jb2luZ2Vja28uY29tL2NvaW5zL2ltYWdlcy8zMDkyOS9sYXJnZS9BcmtoYW1fTG9nb19DRy5wbmc/MTY5NjUyOTc3MQ==","url":"https://coin-images.coingecko.com/coins/images/30929/large/Arkham_Logo_CG.png?1696529771","__typename":"Image"},"safetyLevel":"VERIFIED","logoUrl":"https://coin-images.coingecko.com/coins/images/30929/large/Arkham_Logo_CG.png?1696529771","isSpam":false,"__typename":"TokenProject"},"__typename":"Token"},{"id":"VG9rZW46RVRIRVJFVU1fMHhiYjBlMTdlZjY1ZjgyYWIwMThkOGVkZDc3NmU4ZGQ5NDAzMjdiMjhi","address":"0xBB0E17EF65F82Ab018d8EDd776e8DD940327B28b","chain":"ETHEREUM","symbol":"AXS","name":"Axie Infinity Shard","decimals":18,"standard":"ERC20","project":{"id":"VG9rZW5Qcm9qZWN0OkVUSEVSRVVNXzB4YmIwZTE3ZWY2NWY4MmFiMDE4ZDhlZGQ3NzZlOGRkOTQwMzI3YjI4Yl9BeGllIEluZmluaXR5","name":"Axie Infinity","logo":{"id":"SW1hZ2U6aHR0cHM6Ly9yYXcuZ2l0aHVidXNlcmNvbnRlbnQuY29tL1VuaXN3YXAvYXNzZXRzL21hc3Rlci9ibG9ja2NoYWlucy9ldGhlcmV1bS9hc3NldHMvMHhCQjBFMTdFRjY1RjgyQWIwMThkOEVEZDc3NmU4REQ5NDAzMjdCMjhiL2xvZ28ucG5n","url":"https://raw.githubusercontent.com/Uniswap/assets/master/blockchains/ethereum/assets/0xBB0E17EF65F82Ab018d8EDd776e8DD940327B28b/logo.png","__typename":"Image"},"safetyLevel":"VERIFIED","logoUrl":"https://raw.githubusercontent.com/Uniswap/assets/master/blockchains/ethereum/assets/0xBB0E17EF65F82Ab018d8EDd776e8DD940327B28b/logo.png","isSpam":false,"__typename":"TokenProject"},"__typename":"Token"},{"id":"VG9rZW46RVRIRVJFVU1fMHgwNTZmZDQwOWUxZDdhMTI0YmQ3MDE3NDU5ZGZlYTJmMzg3YjZkNWNk","address":"0x056Fd409E1d7A124BD7017459dFEa2F387b6d5Cd","chain":"ETHEREUM","symbol":"GUSD","name":"Gemini Dollar","decimals":2,"standard":"ERC20","project":{"id":"VG9rZW5Qcm9qZWN0OkVUSEVSRVVNXzB4MDU2ZmQ0MDllMWQ3YTEyNGJkNzAxNzQ1OWRmZWEyZjM4N2I2ZDVjZF9HZW1pbmkgRG9sbGFy","name":"Gemini Dollar","logo":{"id":"SW1hZ2U6aHR0cHM6Ly9yYXcuZ2l0aHVidXNlcmNvbnRlbnQuY29tL1VuaXN3YXAvYXNzZXRzL21hc3Rlci9ibG9ja2NoYWlucy9ldGhlcmV1bS9hc3NldHMvMHgwNTZGZDQwOUUxZDdBMTI0QkQ3MDE3NDU5ZEZFYTJGMzg3YjZkNUNkL2xvZ28ucG5n","url":"https://raw.githubusercontent.com/Uniswap/assets/master/blockchains/ethereum/assets/0x056Fd409E1d7A124BD7017459dFEa2F387b6d5Cd/logo.png","__typename":"Image"},"safetyLevel":"VERIFIED","logoUrl":"https://raw.githubusercontent.com/Uniswap/assets/master/blockchains/ethereum/assets/0x056Fd409E1d7A124BD7017459dFEa2F387b6d5Cd/logo.png","isSpam":false,"__typename":"TokenProject"},"__typename":"Token"},{"id":"VG9rZW46RVRIRVJFVU1fMHg1OGI2YThhMzMwMjM2OWRhZWMzODMzMzQ2NzI0MDRlZTczM2FiMjM5","address":"0x58b6A8A3302369DAEc383334672404Ee733aB239","chain":"ETHEREUM","symbol":"LPT","name":"Livepeer Token","decimals":18,"standard":"ERC20","project":{"id":"VG9rZW5Qcm9qZWN0OkVUSEVSRVVNXzB4NThiNmE4YTMzMDIzNjlkYWVjMzgzMzM0NjcyNDA0ZWU3MzNhYjIzOV9MaXZlcGVlcg==","name":"Livepeer","logo":{"id":"SW1hZ2U6aHR0cHM6Ly9yYXcuZ2l0aHVidXNlcmNvbnRlbnQuY29tL1VuaXN3YXAvYXNzZXRzL21hc3Rlci9ibG9ja2NoYWlucy9ldGhlcmV1bS9hc3NldHMvMHg1OGI2QThBMzMwMjM2OURBRWMzODMzMzQ2NzI0MDRFZTczM2FCMjM5L2xvZ28ucG5n","url":"https://raw.githubusercontent.com/Uniswap/assets/master/blockchains/ethereum/assets/0x58b6A8A3302369DAEc383334672404Ee733aB239/logo.png","__typename":"Image"},"safetyLevel":"VERIFIED","logoUrl":"https://raw.githubusercontent.com/Uniswap/assets/master/blockchains/ethereum/assets/0x58b6A8A3302369DAEc383334672404Ee733aB239/logo.png","isSpam":false,"__typename":"TokenProject"},"__typename":"Token"},{"id":"VG9rZW46RVRIRVJFVU1fMHg4NDU3Y2E1MDQwYWQ2N2ZkZWJiY2M4ZWRjZTg4OWEzMzViYzBmYmZi","address":"0x8457CA5040ad67fdebbCC8EdCE889A335Bc0fbFB","chain":"ETHEREUM","symbol":"ALT","name":"AltLayer","decimals":18,"standard":"ERC20","project":{"id":"VG9rZW5Qcm9qZWN0OkVUSEVSRVVNXzB4ODQ1N2NhNTA0MGFkNjdmZGViYmNjOGVkY2U4ODlhMzM1YmMwZmJmYl9BbHRMYXllcg==","name":"AltLayer","logo":{"id":"SW1hZ2U6aHR0cHM6Ly9jb2luLWltYWdlcy5jb2luZ2Vja28uY29tL2NvaW5zL2ltYWdlcy8zNDYwOC9sYXJnZS9Mb2dvbWFya18yMDB4MjAwLnBuZz8xNzE1MTA3ODY4","url":"https://coin-images.coingecko.com/coins/images/34608/large/Logomark_200x200.png?1715107868","__typename":"Image"},"safetyLevel":"VERIFIED","logoUrl":"https://coin-images.coingecko.com/coins/images/34608/large/Logomark_200x200.png?1715107868","isSpam":false,"__typename":"TokenProject"},"__typename":"Token"},{"id":"VG9rZW46RVRIRVJFVU1fMHhiYzM5NjY4OTg5M2QwNjVmNDFiYzJjNmVjYmVlNWUwMDg1MjMzNDQ3","address":"0xbC396689893D065F41bc2C6EcbeE5e0085233447","chain":"ETHEREUM","symbol":"PERP","name":"Perpetual","decimals":18,"standard":"ERC20","project":{"id":"VG9rZW5Qcm9qZWN0OkVUSEVSRVVNXzB4YmMzOTY2ODk4OTNkMDY1ZjQxYmMyYzZlY2JlZTVlMDA4NTIzMzQ0N19QZXJwZXR1YWwgUHJvdG9jb2w=","name":"Perpetual Protocol","logo":{"id":"SW1hZ2U6aHR0cHM6Ly9yYXcuZ2l0aHVidXNlcmNvbnRlbnQuY29tL1VuaXN3YXAvYXNzZXRzL21hc3Rlci9ibG9ja2NoYWlucy9ldGhlcmV1bS9hc3NldHMvMHhiQzM5NjY4OTg5M0QwNjVGNDFiYzJDNkVjYmVFNWUwMDg1MjMzNDQ3L2xvZ28ucG5n","url":"https://raw.githubusercontent.com/Uniswap/assets/master/blockchains/ethereum/assets/0xbC396689893D065F41bc2C6EcbeE5e0085233447/logo.png","__typename":"Image"},"safetyLevel":"VERIFIED","logoUrl":"https://raw.githubusercontent.com/Uniswap/assets/master/blockchains/ethereum/assets/0xbC396689893D065F41bc2C6EcbeE5e0085233447/logo.png","isSpam":false,"__typename":"TokenProject"},"__typename":"Token"},{"id":"VG9rZW46RVRIRVJFVU1fMHgwM2FiNDU4NjM0OTEwYWFkMjBlZjVmMWM4ZWU5NmYxZDZhYzU0OTE5","address":"0x03ab458634910AaD20eF5f1C8ee96F1D6ac54919","chain":"ETHEREUM","symbol":"RAI","name":"Rai Reflex Index","decimals":18,"standard":"ERC20","project":{"id":"VG9rZW5Qcm9qZWN0OkVUSEVSRVVNXzB4MDNhYjQ1ODYzNDkxMGFhZDIwZWY1ZjFjOGVlOTZmMWQ2YWM1NDkxOV9SYWkgUmVmbGV4IEluZGV4","name":"Rai Reflex Index","logo":{"id":"SW1hZ2U6aHR0cHM6Ly9yYXcuZ2l0aHVidXNlcmNvbnRlbnQuY29tL1VuaXN3YXAvYXNzZXRzL21hc3Rlci9ibG9ja2NoYWlucy9ldGhlcmV1bS9hc3NldHMvMHgwM2FiNDU4NjM0OTEwQWFEMjBlRjVmMUM4ZWU5NkYxRDZhYzU0OTE5L2xvZ28ucG5n","url":"https://raw.githubusercontent.com/Uniswap/assets/master/blockchains/ethereum/assets/0x03ab458634910AaD20eF5f1C8ee96F1D6ac54919/logo.png","__typename":"Image"},"safetyLevel":"VERIFIED","logoUrl":"https://raw.githubusercontent.com/Uniswap/assets/master/blockchains/ethereum/assets/0x03ab458634910AaD20eF5f1C8ee96F1D6ac54919/logo.png","isSpam":false,"__typename":"TokenProject"},"__typename":"Token"},{"id":"VG9rZW46RVRIRVJFVU1fMHgzODQ1YmFkYWRlOGU2ZGZmMDQ5ODIwNjgwZDFmMTRiZDM5MDNhNWQw","address":"0x3845badAde8e6dFF049820680d1F14bD3903a5d0","chain":"ETHEREUM","symbol":"SAND","name":"SAND","decimals":18,"standard":"ERC20","project":{"id":"VG9rZW5Qcm9qZWN0OkVUSEVSRVVNXzB4Mzg0NWJhZGFkZThlNmRmZjA0OTgyMDY4MGQxZjE0YmQzOTAzYTVkMF9UaGUgU2FuZGJveA==","name":"The Sandbox","logo":{"id":"SW1hZ2U6aHR0cHM6Ly9yYXcuZ2l0aHVidXNlcmNvbnRlbnQuY29tL1VuaXN3YXAvYXNzZXRzL21hc3Rlci9ibG9ja2NoYWlucy9ldGhlcmV1bS9hc3NldHMvMHgzODQ1YmFkQWRlOGU2ZEZGMDQ5ODIwNjgwZDFGMTRiRDM5MDNhNWQwL2xvZ28ucG5n","url":"https://raw.githubusercontent.com/Uniswap/assets/master/blockchains/ethereum/assets/0x3845badAde8e6dFF049820680d1F14bD3903a5d0/logo.png","__typename":"Image"},"safetyLevel":"VERIFIED","logoUrl":"https://raw.githubusercontent.com/Uniswap/assets/master/blockchains/ethereum/assets/0x3845badAde8e6dFF049820680d1F14bD3903a5d0/logo.png","isSpam":false,"__typename":"TokenProject"},"__typename":"Token"},{"id":"VG9rZW46RVRIRVJFVU1fMHg3ZGQ5YzVjYmEwNWUxNTFjODk1ZmRlMWNmMzU1YzlhMWQ1ZGE2NDI5","address":"0x7DD9c5Cba05E151C895FDe1CF355C9A1D5DA6429","chain":"ETHEREUM","symbol":"GLM","name":"Golem Network Token","decimals":18,"standard":"ERC20","project":{"id":"VG9rZW5Qcm9qZWN0OkVUSEVSRVVNXzB4N2RkOWM1Y2JhMDVlMTUxYzg5NWZkZTFjZjM1NWM5YTFkNWRhNjQyOV9Hb2xlbQ==","name":"Golem","logo":{"id":"SW1hZ2U6aHR0cHM6Ly9yYXcuZ2l0aHVidXNlcmNvbnRlbnQuY29tL1VuaXN3YXAvYXNzZXRzL21hc3Rlci9ibG9ja2NoYWlucy9ldGhlcmV1bS9hc3NldHMvMHg3REQ5YzVDYmEwNUUxNTFDODk1RkRlMUNGMzU1QzlBMUQ1REE2NDI5L2xvZ28ucG5n","url":"https://raw.githubusercontent.com/Uniswap/assets/master/blockchains/ethereum/assets/0x7DD9c5Cba05E151C895FDe1CF355C9A1D5DA6429/logo.png","__typename":"Image"},"safetyLevel":"VERIFIED","logoUrl":"https://raw.githubusercontent.com/Uniswap/assets/master/blockchains/ethereum/assets/0x7DD9c5Cba05E151C895FDe1CF355C9A1D5DA6429/logo.png","isSpam":false,"__typename":"TokenProject"},"__typename":"Token"},{"id":"VG9rZW46RVRIRVJFVU1fMHhiNTI4ZWRiZWYwMTNhZmY4NTVhYzNjNTBiMzgxZjI1M2FmMTNiOTk3","address":"0xB528edBef013aff855ac3c50b381f253aF13b997","chain":"ETHEREUM","symbol":"AEVO","name":"Aevo","decimals":18,"standard":"ERC20","project":{"id":"VG9rZW5Qcm9qZWN0OkVUSEVSRVVNXzB4YjUyOGVkYmVmMDEzYWZmODU1YWMzYzUwYjM4MWYyNTNhZjEzYjk5N19BZXZv","name":"Aevo","logo":{"id":"SW1hZ2U6aHR0cHM6Ly9jb2luLWltYWdlcy5jb2luZ2Vja28uY29tL2NvaW5zL2ltYWdlcy8zNTg5My9sYXJnZS9hZXZvLnBuZz8xNzEwMTM4MzQw","url":"https://coin-images.coingecko.com/coins/images/35893/large/aevo.png?1710138340","__typename":"Image"},"safetyLevel":"VERIFIED","logoUrl":"https://coin-images.coingecko.com/coins/images/35893/large/aevo.png?1710138340","isSpam":false,"__typename":"TokenProject"},"__typename":"Token"},{"id":"VG9rZW46RVRIRVJFVU1fMHhlNmZkNzVmZjM4YWRjYTRiOTdmYmNkOTM4Yzg2Yjk4NzcyNDMxODY3","address":"0xe6fd75ff38Adca4B97FBCD938c86b98772431867","chain":"ETHEREUM","symbol":"ELA","name":"ELA on Ethereum","decimals":18,"standard":"ERC20","project":{"id":"VG9rZW5Qcm9qZWN0OkVUSEVSRVVNXzB4ZTZmZDc1ZmYzOGFkY2E0Yjk3ZmJjZDkzOGM4NmI5ODc3MjQzMTg2N19FbGFzdG9z","name":"Elastos","logo":{"id":"SW1hZ2U6aHR0cHM6Ly9yYXcuZ2l0aHVidXNlcmNvbnRlbnQuY29tL1VuaXN3YXAvYXNzZXRzL21hc3Rlci9ibG9ja2NoYWlucy9ldGhlcmV1bS9hc3NldHMvMHhlNmZkNzVmZjM4QWRjYTRCOTdGQkNEOTM4Yzg2Yjk4NzcyNDMxODY3L2xvZ28ucG5n","url":"https://raw.githubusercontent.com/Uniswap/assets/master/blockchains/ethereum/assets/0xe6fd75ff38Adca4B97FBCD938c86b98772431867/logo.png","__typename":"Image"},"safetyLevel":"VERIFIED","logoUrl":"https://raw.githubusercontent.com/Uniswap/assets/master/blockchains/ethereum/assets/0xe6fd75ff38Adca4B97FBCD938c86b98772431867/logo.png","isSpam":false,"__typename":"TokenProject"},"__typename":"Token"},{"id":"VG9rZW46RVRIRVJFVU1fMHg2YzNlYTkwMzY0MDY4NTIwMDYyOTA3NzBiZWRmY2FiYTBlMjNhMGU4","address":"0x6c3ea9036406852006290770BEdFcAbA0e23A0e8","chain":"ETHEREUM","symbol":"PYUSD","name":"PayPal USD","decimals":6,"standard":"ERC20","project":{"id":"VG9rZW5Qcm9qZWN0OkVUSEVSRVVNXzB4NmMzZWE5MDM2NDA2ODUyMDA2MjkwNzcwYmVkZmNhYmEwZTIzYTBlOF9QYXlQYWwgVVNE","name":"PayPal USD","logo":{"id":"SW1hZ2U6aHR0cHM6Ly9jb2luLWltYWdlcy5jb2luZ2Vja28uY29tL2NvaW5zL2ltYWdlcy8zMTIxMi9sYXJnZS9QWVVTRF9Mb2dvXyUyODIlMjkucG5nPzE2OTY1MzAwMzk=","url":"https://coin-images.coingecko.com/coins/images/31212/large/PYUSD_Logo_%282%29.png?1696530039","__typename":"Image"},"safetyLevel":"VERIFIED","logoUrl":"https://coin-images.coingecko.com/coins/images/31212/large/PYUSD_Logo_%282%29.png?1696530039","isSpam":false,"__typename":"TokenProject"},"__typename":"Token"},{"id":"VG9rZW46RVRIRVJFVU1fMHg4MjA3YzFmZmM1YjY4MDRmNjAyNDMyMmNjZjM0ZjI5YzM1NDFhZTI2","address":"0x8207c1FfC5B6804F6024322CcF34F29c3541Ae26","chain":"ETHEREUM","symbol":"OGN","name":"OriginToken","decimals":18,"standard":"ERC20","project":{"id":"VG9rZW5Qcm9qZWN0OkVUSEVSRVVNXzB4ODIwN2MxZmZjNWI2ODA0ZjYwMjQzMjJjY2YzNGYyOWMzNTQxYWUyNl9PcmlnaW4gVG9rZW4=","name":"Origin Token","logo":{"id":"SW1hZ2U6aHR0cHM6Ly9yYXcuZ2l0aHVidXNlcmNvbnRlbnQuY29tL1VuaXN3YXAvYXNzZXRzL21hc3Rlci9ibG9ja2NoYWlucy9ldGhlcmV1bS9hc3NldHMvMHg4MjA3YzFGZkM1QjY4MDRGNjAyNDMyMkNjRjM0RjI5YzM1NDFBZTI2L2xvZ28ucG5n","url":"https://raw.githubusercontent.com/Uniswap/assets/master/blockchains/ethereum/assets/0x8207c1FfC5B6804F6024322CcF34F29c3541Ae26/logo.png","__typename":"Image"},"safetyLevel":"VERIFIED","logoUrl":"https://raw.githubusercontent.com/Uniswap/assets/master/blockchains/ethereum/assets/0x8207c1FfC5B6804F6024322CcF34F29c3541Ae26/logo.png","isSpam":false,"__typename":"TokenProject"},"__typename":"Token"},{"id":"VG9rZW46RVRIRVJFVU1fMHgwOTU0OTA2ZGEwYmYzMmQ1NDc5ZTI1ZjQ2MDU2ZDIyZjA4NDY0Y2Fi","address":"0x0954906da0Bf32d5479e25f46056d22f08464cab","chain":"ETHEREUM","symbol":"INDEX","name":"Index","decimals":18,"standard":"ERC20","project":{"id":"VG9rZW5Qcm9qZWN0OkVUSEVSRVVNXzB4MDk1NDkwNmRhMGJmMzJkNTQ3OWUyNWY0NjA1NmQyMmYwODQ2NGNhYl9JbmRleCBDb29wZXJhdGl2ZQ==","name":"Index Cooperative","logo":{"id":"SW1hZ2U6aHR0cHM6Ly9yYXcuZ2l0aHVidXNlcmNvbnRlbnQuY29tL1VuaXN3YXAvYXNzZXRzL21hc3Rlci9ibG9ja2NoYWlucy9ldGhlcmV1bS9hc3NldHMvMHgwOTU0OTA2ZGEwQmYzMmQ1NDc5ZTI1ZjQ2MDU2ZDIyZjA4NDY0Y2FiL2xvZ28ucG5n","url":"https://raw.githubusercontent.com/Uniswap/assets/master/blockchains/ethereum/assets/0x0954906da0Bf32d5479e25f46056d22f08464cab/logo.png","__typename":"Image"},"safetyLevel":"VERIFIED","logoUrl":"https://raw.githubusercontent.com/Uniswap/assets/master/blockchains/ethereum/assets/0x0954906da0Bf32d5479e25f46056d22f08464cab/logo.png","isSpam":false,"__typename":"TokenProject"},"__typename":"Token"},{"id":"VG9rZW46RVRIRVJFVU1fMHg2OWFmODFlNzNhNzNiNDBhZGY0ZjNkNDIyM2NkOWIxZWNlNjIzMDc0","address":"0x69af81e73A73B40adF4f3d4223Cd9b1ECE623074","chain":"ETHEREUM","symbol":"MASK","name":"Mask Network","decimals":18,"standard":"ERC20","project":{"id":"VG9rZW5Qcm9qZWN0OkVUSEVSRVVNXzB4NjlhZjgxZTczYTczYjQwYWRmNGYzZDQyMjNjZDliMWVjZTYyMzA3NF9NYXNrIE5ldHdvcms=","name":"Mask Network","logo":{"id":"SW1hZ2U6aHR0cHM6Ly9yYXcuZ2l0aHVidXNlcmNvbnRlbnQuY29tL1VuaXN3YXAvYXNzZXRzL21hc3Rlci9ibG9ja2NoYWlucy9ldGhlcmV1bS9hc3NldHMvMHg2OWFmODFlNzNBNzNCNDBhZEY0ZjNkNDIyM0NkOWIxRUNFNjIzMDc0L2xvZ28ucG5n","url":"https://raw.githubusercontent.com/Uniswap/assets/master/blockchains/ethereum/assets/0x69af81e73A73B40adF4f3d4223Cd9b1ECE623074/logo.png","__typename":"Image"},"safetyLevel":"VERIFIED","logoUrl":"https://raw.githubusercontent.com/Uniswap/assets/master/blockchains/ethereum/assets/0x69af81e73A73B40adF4f3d4223Cd9b1ECE623074/logo.png","isSpam":false,"__typename":"TokenProject"},"__typename":"Token"}]}}