{"data":{"token":{"id":"VG9rZW46RVRIRVJFVU1fMHgxZjk4NDBhODVkNWFmNWJmMWQxNzYyZjkyNWJkYWRkYzQyMDFmOTg0","address":"0x1f9840a85d5af5bf1d1762f925bdaddc4201f984","chain":"ETHEREUM","decimals":18,"name":"Uniswap","standard":"ERC20","symbol":"UNI","project":{"id":"VG9rZW5Qcm9qZWN0OkVUSEVSRVVNXzB4MWY5ODQwYTg1ZDVhZjViZjFkMTc2MmY5MjViZGFkZGM0MjAxZjk4NF9Vbmlzd2Fw","isSpam":false,"logoUrl":"https://raw.githubusercontent.com/trustwallet/assets/master/blockchains/ethereum/assets/0x1f9840a85d5aF5bf1D1762F925BDADdC4201F984/logo.png","name":"Uniswap","safetyLevel":"VERIFIED","__typename":"TokenProject"},"feeData":{"buyFeeBps":null,"sellFeeBps":null,"__typename":"FeeData"},"__typename":"Token"}}}